,address,price,Latitude,Longitude
0,3050 birch hollow dr,1095.0,42.23897849959804,-83.71850497747207
1,912 rose ave,2000.0,51.4124753,-0.1640307
3,1505 natalie lane,1385.0,42.2939505433245,-83.6833615036768
4,1505 natalie lane,1185.0,42.2939505433245,-83.6833615036768
6,1505 natalie lane,1375.0,42.22220078037806,-83.44490161593934
7,310 e. liberty st. apt #2,1235.0,42.23897849959804,-83.71850497747207
8,10910 independence lane,952.0,42.4184296,-71.1061639
9,3050 birch hollow dr,1095.0,41.30368816987742,-101.92617845313801
11,2167 medford,1150.0,42.22220078037806,-83.44490161593934
12,101 lake village,1560.0,29.853534,-95.529008
14,101 lake village,1304.0,42.22220078037806,-83.44490161593934
15,10910 independence lane,859.0,42.22220078037806,-83.44490161593934
16,4873 packard st,955.0,42.248894899999996,-83.74726903728029
17,214 south hewitt,880.0,31.4623902,-97.1958377
18,10910 independence lane,775.0,39.233504,-123.3897308
19,10910 independence lane,790.0,41.57418138612344,-86.54787261514701
20,275 harbor way,1399.0,39.233504,-123.3897308
23,214 south hewitt,970.0,31.4623902,-97.1958377
25,406 montgomery,1290.0,31.4623902,-97.1958377
26,1610 longshore dr.,1475.0,31.4623902,-97.1958377
27,406 montgomery,1290.0,36.05600475642987,-80.29309482236044
29,3050 birch hollow dr,1095.0,42.296231,-83.781087
30,214 south hewitt,1000.0,36.2071354170498,-115.28893900466245
31,214 south hewitt,970.0,42.296231,-83.781087
32,214 south hewitt,880.0,42.296231,-83.781087
33,214 south hewitt,1020.0,42.2449827138505,-83.67153307062043
34,214 south hewitt,860.0,36.05600475642987,-80.29309482236044
38,3089 woodland hills dr,1249.0,42.255379500000004,-83.6740488589607
40,2973 west clark rd,1374.0,41.30368816987742,-101.92617845313801
44,"1645 n maple rd # 309, ann arbor, mi",750.0,42.26804544897959,-83.77355891836734
45,2224 golfside drive,989.0,42.26804544897959,-83.77355891836734
46,"1645 n maple rd # 309, ann arbor, mi",750.0,42.227655,-83.6556897
47,"1645 n maple rd # 309, ann arbor, mi",750.0,42.238664,-83.721835
50,3008 randolph court dr.,933.0,39.233504,-123.3897308
52,3089 woodland hills dr,939.0,42.30154991677406,-83.72719734545764
59,8777 rushside dr,1420.0,42.533949137256215,-83.77743834447756
65,1116 s forest,6000.0,36.05600475642987,-80.29309482236044
79,2201 glencoe hills,1529.0,39.27623780175006,-80.33715248275166
80,2201 glencoe hills,2179.0,39.280559686868685,-76.62924196969698
81,2201 glencoe hills,1149.0,43.654295909090905,-70.27295536363637
85,101 lake village,2000.0,40.016479443818355,-105.2873285265067
86,1980 pauline boulevard,1229.0,40.016479443818355,-105.2873285265067
87,2960 birch hollow dr,1209.0,40.016479443818355,-105.2873285265067
91,1355 s. winter st.,830.0,39.7669336,-86.1320664
92,1980 pauline boulevard,1149.0,41.64851306122449,-83.53569226530612
97,1980 pauline boulevard,1249.0,37.23447737933616,-76.51034187576582
98,2835 roundtree blvd,1079.0,42.227655,-83.6556897
99,2960 birch hollow dr,1179.0,39.86665767014796,-75.2747500548714
101,406 montgomery,1290.0,-28.0219215,153.3373055
102,2820 windwood,1644.0,42.247112,-83.743149
103,406 montgomery,1290.0,42.238664,-83.721835
104,401 s. highlander way,878.0,36.05600475642987,-80.29309482236044
105,1984 traver rd,1469.0,54.9963808,-1.6279574
107,2960 international drive,989.0,42.262155,-83.779853
108,220 n 1st st,1285.0,42.262155,-83.779853
110,212 stevens dr,918.0,42.49685059183673,-83.15981026530612
111,212 stevens drive,818.0,42.262155,-83.779853
112,2911 bynan,859.0,39.2829459,-76.6018054
114,600 hidden valley club drive,1260.0,36.05600475642987,-80.29309482236044
117,321 williamsen dr,1070.0,42.248894899999996,-83.74726903728029
119,1505 natalie ln,1375.0,42.30154991677406,-83.72719734545764
121,201 e madison st,3345.0,40.5117699,-88.9944815
123,615 pearl street,750.0,54.9963808,-1.6279574
125,3089 woodland hills dr,869.0,42.449056451119546,-83.32349758372676
126,1984 traver rd,1419.0,39.2829459,-76.6018054
129,3089 woodland hills dr,939.0,42.238664,-83.721835
130,329 jarvis street,995.0,42.248894899999996,-83.74726903728029
131,2973 w clark rd.,2509.0,51.511027,-0.1222913
132,27883 independence st,1090.0,39.2829459,-76.6018054
133,3050 birch hollow dr,1170.0,37.663947,68.8332062
134,2973 west clark rd,999.0,42.247112,-83.743149
135,2973 west clark rd,1374.0,41.874867,-84.037706
138,1550 brookfield,1579.0,41.759865839275285,-124.2041980888373
139,275 harbor way,1499.0,37.663947,68.8332062
141,329 jarvis street,795.0,39.86665767014796,-75.2747500548714
146,329 jarvis street,1095.0,41.30368816987742,-101.92617845313801
147,101 lake village,1422.0,36.05600475642987,-80.29309482236044
150,12 miles,1195.0,42.26804544897959,-83.77355891836734
151,329 jarvis street,795.0,32.3073622,-86.3458028
152,329 jarvis street,795.0,39.86665767014796,-75.2747500548714
153,958 west cross street,2195.0,42.2939505433245,-83.6833615036768
154,805 congress st.,815.0,36.05600475642987,-80.29309482236044
155,805 congress,1295.0,42.248894899999996,-83.74726903728029
156,705 pearl street,1995.0,36.05600475642987,-80.29309482236044
157,615 pearl street,750.0,52.4264753,-1.91968
158,615 pearl street,675.0,42.247112,-83.743149
159,615 pearl street,695.0,42.26804544897959,-83.77355891836734
160,615 pearl street,695.0,42.238664,-83.721835
161,212 north summit street,1245.0,36.05600475642987,-80.29309482236044
162,207 ballard street,1095.0,38.86304910204081,-104.81806612244898
163,329 jarvis street,1095.0,28.195649821265523,-82.75480659654963
164,9 south summit st.,2095.0,39.2829459,-76.6018054
165,116 north summit street,1695.0,42.07834041735565,-83.69042561583056
166,124 north summit street,1295.0,42.23897849959804,-83.71850497747207
167,125 north summit street,1245.0,28.195649821265523,-82.75480659654963
168,125 north summit street,769.0,42.33124063008032,-83.73236967724208
169,207 ballard street,975.0,28.195649821265523,-82.75480659654963
170,207 ballard street,1045.0,54.9963808,-1.6279574
171,2835 roundtree blvd,969.0,28.195649821265523,-82.75480659654963
172,212 stevens drive,818.0,54.9963808,-1.6279574
174,3050 birch hollow dr,975.0,42.238664,-83.721835
176,2044 mcdivitt ct.,1250.0,28.195649821265523,-82.75480659654963
178,600 hidden valley club drive,990.0,36.2110884345237,-115.28592009907587
179,2960 birch hollow dr,1209.0,36.21111435863092,-115.28590952476897
180,3089 woodland hills dr,1249.0,36.210069,-115.286437
181,1550 brookfield,1579.0,39.27977922576034,-76.62626801204426
183,1980 pauline boulevard,1229.0,42.19403404081633,-83.48415716326531
188,2501 keystone ln,1065.0,42.599924944954125,-83.98879816513762
189,2501 keystone ln,1065.0,42.248894899999996,-83.74726903728029
190,2501 keystone ln,840.0,51.3471617,-0.0447794
191,1409 catalpa dr,1000.0,42.248894899999996,-83.74726903728029
193,2501 keystone ln,840.0,45.0018668,-93.2648453
194,2960 international drive,889.0,42.23897849959804,-83.71850497747207
195,527 virginia ave,2200.0,42.5795203,-74.5882017
196,3089 woodland hills dr,809.0,42.284972,-83.739668
200,221 normal,945.0,42.248894899999996,-83.74726903728029
202,414 s division st,1295.0,36.05600475642987,-80.29309482236044
203,275 harbor way,1885.0,36.05600475642987,-80.29309482236044
205,1082 e chicago blvd,885.0,36.303609376899054,-82.3516509491529
208,1984 traver rd,1469.0,42.238664,-83.721835
210,1245 astor ave,1480.0,NaN,NaN
211,221 normal,995.0,33.75550256375839,-117.85616506711409
212,2835 roundtree blvd,1039.0,33.75550256375839,-117.85616506711409
214,1550 brookfield,1609.0,42.278217847457626,-83.76639676271186
215,1751 cass lake front st,950.0,42.255379500000004,-83.6740488589607
216,27883 independence st,825.0,42.238664,-83.721835
217,2960 international dr.,1019.0,42.238664,-83.721835
219,3089 woodland hills dr,1249.0,54.9963808,-1.6279574
220,2960 international dr.,989.0,36.05600475642987,-80.29309482236044
221,2960 birch hollow dr,1209.0,36.05600475642987,-80.29309482236044
222,275 harbor way,1449.0,36.05600475642987,-80.29309482236044
223,1005 maiden lane,1299.0,41.877684,-84.03765
224,2960 international dr.,959.0,42.2575998,-83.6601296
225,2960 international,999.0,42.30154991677406,-83.72719734545764
226,600 hidden valley club drive,1110.0,42.26804544897959,-83.77355891836734
227,3100 s. winter st.,835.0,54.9963808,-1.6279574
228,1005 maiden lane,1359.0,42.26804544897959,-83.77355891836734
229,1005 maiden lane,1299.0,42.07834041735565,-83.69042561583056
230,140 lauff,980.0,42.23897849959804,-83.71850497747207
233,2960 international,989.0,41.30368816987742,-101.92617845313801
234,212 stevens drive,918.0,42.6764476,-83.2686571
235,212 stevens drive,918.0,54.9963808,-1.6279574
236,212 stevens drive,918.0,42.218558040816326,-83.49401977551021
237,3089 woodland hills dr,939.0,42.255379500000004,-83.6740488589607
238,1550 brookfield,1499.0,42.255379500000004,-83.6740488589607
240,2911 bynan,859.0,42.2939505433245,-83.6833615036768
242,101 lake village,1544.0,42.235222500000006,-83.7552779256812
244,3089 woodland hills dr,809.0,36.05600475642987,-80.29309482236044
245,527 s 4th ave,1295.0,39.9411721,-76.6646042
246,3089 woodland hills dr,1249.0,42.218558040816326,-83.49401977551021
247,1980 pauline boulevard,1249.0,40.6654575,-73.98953125
248,2820 windwood,1644.0,40.7271246,-77.9383368
253,212 stevens dr,918.0,39.090865,-108.5930554
257,1505 natalie ln,1265.0,43.488149117454306,-79.70706039187021
258,3089 woodland hills dr,1249.0,36.05600475642987,-80.29309482236044
259,275 harbor way,1499.0,42.262155,-83.779853
260,3089 woodland hills dr,959.0,42.262155,-83.779853
261,1771 plymouth road,2350.0,51.511027,-0.1222913
267,600 hidden valley club drive,1450.0,31.889930149999998,-97.08708306334233
268,1980 pauline boulevard,1189.0,43.488149117454306,-79.70706039187021
269,2960 birch hollow dr,1179.0,42.247112,-83.743149
270,3089 woodland hills dr,939.0,42.284972,-83.739668
272,324 e jefferson st,1345.0,42.19403404081633,-83.48415716326531
274,3400 nixon rd,2731.0,42.30154991677406,-83.72719734545764
275,2960 international drive,989.0,41.30368816987742,-101.92617845313801
276,140 lauff drive,1030.0,32.3073622,-86.3458028
278,3050 birch hollow dr,1425.0,42.2777291,-83.7423622
279,3400 nixon rd,2003.0,42.227655,-83.6556897
280,4014 gleaner hall,3990.0,54.9963808,-1.6279574
281,3400 nixon rd,1903.0,42.23897849959804,-83.71850497747207
282,1550 brookfield,1579.0,29.967871,-95.447573
283,3400 nixon rd,1626.0,42.284972,-83.739668
285,1550 brookfield,1579.0,41.063713903789285,-80.6865553886436
286,3400 nixon rd,1501.0,36.05600475642987,-80.29309482236044
287,2960 birch hollow dr,1209.0,42.23897849959804,-83.71850497747207
289,518 e william st,2395.0,42.284972,-83.739668
290,3400 nixon rd,1486.0,39.2829459,-76.6018054
291,2001 huron parkway,1195.0,39.2829459,-76.6018054
293,2726 golfside dr.,895.0,36.05600475642987,-80.29309482236044
294,2720 golfside dr.,995.0,39.86665767014796,-75.2747500548714
295,2716 golfside dr.,895.0,42.2777291,-83.7423622
296,520 w. cross st.,1.0,42.2939505433245,-83.6833615036768
297,2973 west clark rd,1074.0,42.2575998,-83.6601296
298,955 sumpter road,1100.0,42.2575998,-83.6601296
301,2973 west clark rd,1374.0,51.4319209,-0.3878479
302,101 lake village,1560.0,32.8406946,-83.6324022
303,2820 windwood,1675.0,42.26804544897959,-83.77355891836734
304,2835 roundtree blvd,939.0,36.05600475642987,-80.29309482236044
305,"3912 mason rd, howell, mi",800.0,39.2829459,-76.6018054
306,275 harbor way,1399.0,42.235222500000006,-83.7552779256812
307,3005 fernwood,1300.0,36.10151114450567,-79.78665269770006
309,275 harbor way,1499.0,42.592353,-83.875311
311,957 sheridan,675.0,39.2829459,-76.6018054
312,957 sheridan,750.0,42.248894899999996,-83.74726903728029
313,3050 birch hollow dr,975.0,55.8979778,-4.1931659
314,"221 n. summit, #3",825.0,42.592353,-83.875311
315,727 e kingsley st,1645.0,42.592353,-83.875311
317,2911 bynan,989.0,42.592353,-83.875311
319,140 lauff,970.0,42.247112,-83.743149
320,"3912 mason rd, howell, mi",800.0,47.09278622769214,-104.71547615117127
322,275 harbor way,1499.0,42.6764476,-83.2686571
323,1245 astor ave,1923.0,61.19578600434314,-149.92394111680545
324,3089 woodland hills dr,1249.0,42.284972,-83.739668
325,3089 woodland hills dr,959.0,40.7570766,-111.8883255
326,554 s 5th ave,1045.0,28.195649821265523,-82.75480659654963
327,525 w. highland rd,921.0,42.0042583,-83.9351862
330,514 emmet street,800.0,41.0722499,-85.1480652
333,1245 astor avenue,1590.0,28.195649821265523,-82.75480659654963
334,2960 birch hollow dr,1209.0,39.86665767014796,-75.2747500548714
335,2960 birch hollow dr,1029.0,36.303609376899054,-82.3516509491529
337,213 w. mosley apartment 11,1285.0,39.86665767014796,-75.2747500548714
338,1020 lincoln ave.,1890.0,28.195649821265523,-82.75480659654963
339,1020 lincoln ave.,1190.0,39.2829459,-76.6018054
340,211 n. ashley,2500.0,42.23897849959804,-83.71850497747207
341,428 ventura ct.,1575.0,52.2630154,4.5002673
342,2201 glencoe hills,1529.0,42.449056451119546,-83.32349758372676
355,2960 birch hollow dr,1209.0,42.592353,-83.875311
359,2960 birch hollow dr,1009.0,-28.0219215,153.3373055
360,1005 maiden lane,1499.0,41.30368816987742,-101.92617845313801
362,1550 brookfield,1579.0,41.759865839275285,-124.2041980888373
364,3089 woodland hills dr,959.0,42.2773296,-83.6987596
373,3089 woodland hills dr,1249.0,42.238664,-83.721835
374,3089 woodland hills dr,939.0,42.255973050937456,-83.58992718554644
375,1355 s. winter st.,830.0,42.26004632458116,-83.58965246348461
376,2911 bynan dr.,989.0,40.549703078263384,-74.46532687229977
377,1984 traver rd,1229.0,51.4969493,-0.3718715
379,1980 pauline boulevard,1189.0,42.19403404081633,-83.48415716326531
382,1550 brookfield,1579.0,42.6764476,-83.2686571
383,1980 pauline boulevard,1149.0,51.5865078,-4.0059735
385,140 lauff drive,1030.0,32.3073622,-86.3458028
386,3050 birch hollow dr,1150.0,42.238664,-83.721835
387,2960 international drive,969.0,51.5186292,-0.3625822
390,1980 pauline boulevard,1189.0,54.9963808,-1.6279574
391,101 lake village,2251.0,42.23897849959804,-83.71850497747207
392,2911 bynan,899.0,42.30154991677406,-83.72719734545764
394,1550 brookfield,1549.0,36.05600475642987,-80.29309482236044
395,11551 quirk rd,1095.0,42.247112,-83.743149
396,2201 glencoe hills,2179.0,42.270521349999996,-83.7434066502381
398,2201 glencoe hills,1529.0,42.228516,-83.655013
399,2201 glencoe hills,1149.0,39.2829459,-76.6018054
402,1505 natalie lane,1215.0,42.07834041735565,-83.69042561583056
404,3100 s. winter st.,835.0,42.262155,-83.779853
405,1315 oak valley drive,1420.0,42.262155,-83.779853
406,11551 quirk rd,865.0,42.2773296,-83.6987596
407,3089 woodland hills dr,939.0,54.9963808,-1.6279574
409,4685 hunt club dr.,1250.0,42.2773296,-83.6987596
410,11551 quirk rd,1210.0,42.262155,-83.779853
411,554 s 5th ave,1499.0,42.58634774829932,-83.87411547619048
413,525 fairbrook,900.0,42.30154991677406,-83.72719734545764
414,3089 woodland hills dr,1249.0,37.30009012244898,-77.29057655102041
415,2345 woodridge way,1109.0,39.86665767014796,-75.2747500548714
418,1700 s west ave,855.0,39.86665767014796,-75.2747500548714
419,2045 commerce blvd,1049.0,39.86665767014796,-75.2747500548714
420,2045 commerce blvd,1049.0,39.86665767014796,-75.2747500548714
421,2045 commerce blvd,1049.0,39.86665767014796,-75.2747500548714
422,1005 maiden lane,1499.0,39.86665767014796,-75.2747500548714
423,1005 maiden lane,1499.0,42.248894899999996,-83.74726903728029
424,2345 woodridge way,919.0,42.2777291,-83.7423622
426,3089 woodland hills dr,939.0,39.2829459,-76.6018054
427,2501 keystone ln,840.0,42.25716430493183,-83.66665788731203
428,2501 keystone ln,840.0,42.25716430493183,-83.66665788731203
429,1005 maiden lane,1359.0,42.25716430493183,-83.66665788731203
430,518 e william st,3795.0,42.25716430493183,-83.66665788731203
431,2501 keystone ln,1065.0,42.25716430493183,-83.66665788731203
432,2501 keystone ln,1065.0,42.27459941028353,-83.67298967608583
433,3050 birch hollow dr,1150.0,36.303609376899054,-82.3516509491529
436,1980 pauline boulevard,1149.0,51.511027,-0.1222913
437,1519 abbott,1650.0,42.25716430493183,-83.66665788731203
443,2345 woodridge way,1109.0,42.227655,-83.6556897
446,600 hidden valley club drive,1110.0,42.227655,-83.6556897
448,727 e kingsley st,1645.0,36.05600475642987,-80.29309482236044
449,275 harbor way,1499.0,42.30154991677406,-83.72719734545764
452,955 sumpter road,1100.0,37.2701422,-76.4241138
454,1505 natalie lane,1380.0,42.28532175510204,-83.74940357142857
455,1984 traver rd,1229.0,42.281278262626266,-83.74069102020202
456,101 lake village,1952.0,42.281278262626266,-83.74069102020202
460,2820 windwood,1644.0,42.0042583,-83.9351862
465,2960 birch hollow dr,1209.0,42.2575998,-83.6601296
466,518 e william st,1825.0,42.25495460431768,-83.67380888701187
467,2835 roundtree blvd,959.0,42.2939505433245,-83.6833615036768
469,1550 brookfield,1579.0,42.248894899999996,-83.74726903728029
471,3050 birch hollow dr,1210.0,38.864204,-104.819825
472,1632 laurel bay drive,770.0,39.2829459,-76.6018054
474,727 e kingsley st,1795.0,42.592353,-83.875311
475,2960 international drive,989.0,42.592353,-83.875311
477,2976 cascade drive,1155.0,39.9411721,-76.6646042
480,3089 woodland hills dr,1249.0,NaN,NaN
483,3050 birch hollow dr,1150.0,50.05162285,8.5934192991883
484,125 west hoover avenue,1030.0,42.27186275,-83.7508928
488,727 e kingsley st,1645.0,51.4618,-0.8024977
492,2960 international dr.,1019.0,41.681729,-86.35012
494,2960 international drive,839.0,42.7070354,-71.1631137
495,275 harbor way,1399.0,42.592131210861886,-83.59027293929707
498,3089 woodland hills dr,1249.0,37.8277995,-100.4545927
499,212 stevens drive,938.0,42.248894899999996,-83.74726903728029
502,518 e william st,3495.0,41.759865839275285,-124.2041980888373
503,1505 natalie lane,1320.0,42.592353,-83.875311
504,2911 bynan dr.,899.0,42.592353,-83.875311
506,2911 bynan dr,839.0,42.592353,-83.875311
507,1984 traver rd,1379.0,42.592353,-83.875311
508,518 e william st,3495.0,40.859876666666665,-73.85145933333332
510,22250 swan road,895.0,39.2829459,-76.6018054
513,9935 macon,650.0,42.31993257142857,-83.713959
515,1980 pauline boulevard,1249.0,42.294017,-71.81457
516,3089 woodland hills dr,939.0,37.61586522053286,-120.98576568757426
517,2960 international drive,989.0,36.832882,-76.152287
518,1315 oak valley dr,1285.0,42.255379500000004,-83.6740488589607
523,205 s state st,2245.0,43.05490999422551,-94.22381036686889
525,22250 swan road,810.0,42.285222653061226,-83.74940814285713
529,3998 audrey rae lane,1225.0,42.248894899999996,-83.74726903728029
531,1550 brookfield,1499.0,42.262155,-83.779853
532,2960 international drive,899.0,42.262155,-83.779853
533,275 harbor way,1499.0,42.262155,-83.779853
534,1550 brookfield dr,1359.0,42.36459564864865,-83.44568182432432
535,3998 audrey rae lane,1165.0,42.36459564864865,-83.44568182432432
536,3998 audrey rae ln.,1200.0,42.248894899999996,-83.74726903728029
537,3998 audrey rae lane,1165.0,42.449056451119546,-83.32349758372676
538,3998 audrey rae lane,1165.0,42.61367487033016,-83.34652041001483
539,3998 audrey rae lane,1165.0,52.4264753,-1.91968
540,600 hidden valley club drive,1450.0,38.864204,-104.819825
542,519 snyder avenue,99.0,41.474478714285716,-93.678707
543,4770 downing drive,99.0,42.19403404081633,-83.48415716326531
544,2911 bynan,859.0,42.270521349999996,-83.7434066502381
546,2120 churchill drive,199.0,41.063713903789285,-80.6865553886436
547,727 e kingsley st,1795.0,40.11671391408905,-76.51809509581307
548,2225 s state street,2059.0,39.05946099621044,-108.56384717841014
550,3400 nixon rd,2731.0,42.30154991677406,-83.72719734545764
552,1082 e chicago blvd,885.0,41.063713903789285,-80.6865553886436
553,2960 international drive,989.0,47.6984557,-2.1548088
554,3400 nixon rd,2003.0,51.511027,-0.1222913
555,1417 broadway #1,3100.0,33.128064973065726,-87.1300307970334
556,1006 pontiac trail #1,1500.0,42.28532175510204,-83.74940357142857
557,1427 broadway,3000.0,41.877684,-84.03765
558,3400 nixon rd,1903.0,42.248894899999996,-83.74726903728029
559,212 stevens dr,838.0,42.262102,-83.792213
560,525 w. highland rd,921.0,41.30368816987742,-101.92617845313801
561,2960 international dr.,1019.0,42.285222653061226,-83.74940814285713
562,212 stevens dr,918.0,42.28532175510204,-83.74940357142857
563,3400 nixon rd,1626.0,28.097330588521448,-97.21048578469527
564,2960 international dr.,819.0,51.511027,-0.1222913
566,3050 birch hollow dr,1150.0,51.511027,-0.1222913
568,12 miles,1195.0,42.07834041735565,-83.69042561583056
569,27883 independence st,1090.0,42.2594158,-83.7108296
571,3400 nixon rd,1501.0,-31.9525017,116.0573162
572,275 harbor way,1499.0,42.284972,-83.739668
577,3400 nixon rd,1486.0,42.2556282,-83.6892169
581,1014 church st,1695.0,42.248894899999996,-83.74726903728029
582,1863 collins ct,999.0,42.504752,-83.6317486
586,1980 pauline boulevard,1149.0,41.30368816987742,-101.92617845313801
588,309 washtenaw,1050.0,52.3510015,10.7724046
590,518 e william st,1740.0,42.30154991677406,-83.72719734545764
592,1837 davis st,999.0,42.592353,-83.875311
593,2960 international,999.0,40.859876666666665,-73.85145933333332
594,3050 birch hollow dr,975.0,42.07834041735565,-83.69042561583056
595,1315 oak valley drive,1340.0,42.609417,-83.953736
596,3998 audrey rae ln.,1165.0,42.23897849959804,-83.71850497747207
597,3998 audrey rae ln.,1200.0,55.8979778,-4.1931659
598,3050 birch hollow dr,1210.0,42.2449827138505,-83.67153307062043
599,1100 hunters run dr,1799.0,28.195649821265523,-82.75480659654963
600,2044 mcdivitt ct,1364.0,28.195649821265523,-82.75480659654963
605,101 lake village,1560.0,28.195649821265523,-82.75480659654963
607,1840 collins ct,999.0,28.195649821265523,-82.75480659654963
608,140 lauff,970.0,28.195649821265523,-82.75480659654963
609,508 hill st,1325.0,42.248894899999996,-83.74726903728029
611,2001 huron parkway,1150.0,42.248894899999996,-83.74726903728029
619,275 harbor way,1499.0,39.86665767014796,-75.2747500548714
620,553 s 4th ave,1145.0,39.86665767014796,-75.2747500548714
622,275 harbor way,1399.0,39.86665767014796,-75.2747500548714
623,1245 astor ave,1590.0,39.86665767014796,-75.2747500548714
624,527 s 4th ave,1845.0,39.86665767014796,-75.2747500548714
625,311 jarvis,810.0,39.86665767014796,-75.2747500548714
627,3265 boardwalk drive,1410.0,39.86665767014796,-75.2747500548714
629,2960 birch hollow dr,1179.0,42.248894899999996,-83.74726903728029
630,2960 birch hollow dr,1209.0,51.5806351,-0.3871478
634,1072 rambling road,1495.0,42.2575998,-83.6601296
635,1184 lexington pkwy,1425.0,51.511027,-0.1222913
636,1061 centennial ave.,1895.0,51.511027,-0.1222913
637,741 dorset ave,1295.0,35.636491094846,-88.83592056607722
640,2756 s knightsbridge circle,1600.0,42.30154991677406,-83.72719734545764
650,955 sumpter road,1100.0,51.5363542,0.1656072
652,2310 pinecrest,1700.0,37.663947,68.8332062
655,507 n hamilton,1300.0,32.3073622,-86.3458028
656,2911 bynan,939.0,-29.8091218,131.6466159
658,954 w cross,995.0,42.30154991677406,-83.72719734545764
659,2820 windwood,1644.0,39.2829459,-76.6018054
661,2820 windwood,1644.0,42.61367487033016,-83.34652041001483
662,2960 birch hollow dr,1319.0,42.504752,-83.6317486
664,22250 swan rd,774.0,42.449056451119546,-83.32349758372676
665,2960 birch hollow dr,1009.0,42.449056451119546,-83.32349758372676
666,1550 brookfield,1579.0,42.248894899999996,-83.74726903728029
667,1550 brookfield,1579.0,39.9411721,-76.6646042
668,3050 birch hollow dr,1250.0,28.195649821265523,-82.75480659654963
670,1984 traver rd,1379.0,28.195649821265523,-82.75480659654963
674,607 n. river st.,1300.0,28.195649821265523,-82.75480659654963
684,3089 woodland hills dr,939.0,42.284972,-83.739668
686,600 hidden valley club drive,1260.0,36.5665318103421,-86.67282766315623
688,908 sybil st,1595.0,32.3073622,-86.3458028
690,2001 huron parkway,1145.0,42.241313,-83.755837
691,2930 roundtree blvd.,939.0,42.241313,-83.755837
694,2960 international drive,889.0,36.2071354170498,-115.28893900466245
695,2201 glencoe hills,1099.0,32.3073622,-86.3458028
702,518 e william st,3295.0,32.3073622,-86.3458028
705,140 lauff drive,1030.0,32.3073622,-86.3458028
706,1980 pauline boulevard,1149.0,42.25495460431768,-83.67380888701187
708,2501 keystone ln,1040.0,42.248894899999996,-83.74726903728029
709,2501 keystone ln,1040.0,36.2071354170498,-115.28893900466245
710,2001 huron parkway,1150.0,36.2071354170498,-115.28893900466245
711,1550 brookfield,1549.0,41.874867,-84.037706
712,2501 keystone ln,840.0,32.3073622,-86.3458028
713,2001 huron parkway,1195.0,41.874867,-84.037706
714,2501 keystone ln,840.0,41.877684,-84.03765
716,1103 s latson rd,995.0,36.303609376899054,-82.3516509491529
718,1103 s latson rd,995.0,42.19403404081633,-83.48415716326531
720,1984 traver rd,1229.0,42.30154991677406,-83.72719734545764
722,213 s. 4th ave,2395.0,41.30368816987742,-101.92617845313801
725,212 stevens dr,918.0,42.23897849959804,-83.71850497747207
726,27883 independence st,825.0,42.822890145231035,-83.94117047330856
727,3089 woodland hills dr,1249.0,42.26804544897959,-83.77355891836734
728,212 stevens dr,918.0,42.30154991677406,-83.72719734545764
729,212 stevens dr,818.0,42.281278262626266,-83.74069102020202
730,212 stevens dr,818.0,42.281278262626266,-83.74069102020202
731,212 stevens dr,918.0,42.262155,-83.779853
732,212 stevens dr,918.0,42.262155,-83.779853
734,275 harbor way,1885.0,42.262155,-83.779853
736,518 e william st,2395.0,39.2829459,-76.6018054
737,321 williamsen dr,1070.0,41.30368816987742,-101.92617845313801
738,2960 international drive,989.0,32.3073622,-86.3458028
741,2020 arbor circle east,1449.0,42.25495460431768,-83.67380888701187
742,2020 arbor circle east,1229.0,42.07834041735565,-83.69042561583056
743,2020 arbor circle east,1099.0,40.010572934677995,-105.27842106122608
745,2020 arbor circle east,1099.0,42.23897849959804,-83.71850497747207
747,2020 arbor circle east,1229.0,36.303609376899054,-82.3516509491529
748,459 village green blvd,1347.0,42.449056451119546,-83.32349758372676
749,525 west highland rd,1004.0,51.511027,-0.1222913
750,2020 arbor circle east,1049.0,42.449056451119546,-83.32349758372676
751,1005 maiden lane,1499.0,42.61367487033016,-83.34652041001483
752,1005 maiden lane,1359.0,42.462622154450244,-83.94046515299911
755,2020 arbor circle east,1229.0,42.23897849959804,-83.71850497747207
756,553 s 4th ave,1145.0,42.248894899999996,-83.74726903728029
757,275 harbor way,1449.0,40.1086244,-75.1092619
764,2835 roundtree blvd,1039.0,42.53105295884219,-83.57570862365843
766,2835 roundtree blvd,939.0,51.5290971,0.0317683
767,2835 roundtree blvd,939.0,-28.0219215,153.3373055
769,2835 roundtree blvd,1079.0,42.175941,-84.162805
770,2835 roundtree blvd,1039.0,42.23897849959804,-83.71850497747207
771,2835 roundtree blvd,939.0,42.23897849959804,-83.71850497747207
772,2835 roundtree blvd,1039.0,42.30154991677406,-83.72719734545764
774,5800 benson dr,817.0,32.3073622,-86.3458028
775,3089 woodland hills dr,959.0,42.262155,-83.779853
776,1984 traver rd,1379.0,NaN,NaN
777,5800 benson dr,992.0,42.449056451119546,-83.32349758372676
778,2835 roundtree blvd,959.0,42.262155,-83.779853
779,205 perrin,750.0,42.262155,-83.779853
780,603 e. huron street,1979.0,42.07834041735565,-83.69042561583056
782,520 n ashley st,1395.0,42.2939505433245,-83.6833615036768
783,603 e. huron street,999.0,51.5290971,0.0317683
784,603 e. huron street,1049.0,-28.0219215,153.3373055
790,2960 international drive,899.0,42.30154991677406,-83.72719734545764
792,518 e william st,3295.0,42.248894899999996,-83.74726903728029
798,518 e william st,1670.0,42.07834041735565,-83.69042561583056
799,1082 e. chicago blvd,885.0,42.2587134,-83.7151381
800,27883 independence st,1090.0,39.86665767014796,-75.2747500548714
803,2201 glencoe hills dr,2179.0,42.285222653061226,-83.74940814285713
804,154 riley st,700.0,42.262155,-83.779853
805,1082 e. chicago blvd,820.0,42.592353,-83.875311
806,2911 bynan dr.,899.0,42.25495460431768,-83.67380888701187
807,2201 glencoe hills drive,929.0,36.303609376899054,-82.3516509491529
808,1505 natalie lane,1265.0,39.86665767014796,-75.2747500548714
809,1751 cass lake front st,950.0,39.86665767014796,-75.2747500548714
811,275 harbor way,1399.0,42.592353,-83.875311
814,140 lauff drive,1040.0,42.26804544897959,-83.77355891836734
817,201 e madison st,3345.0,32.3073622,-86.3458028
818,2960 international drive,999.0,41.759865839275285,-124.2041980888373
822,600 hidden valley club drive,1450.0,42.530704843309486,-83.57631712550217
823,3998 audrey rae ln.,1165.0,51.5290971,0.0317683
824,3998 audrey rae ln.,1155.0,42.24124585,-83.73220650620833
825,3998 audrey rae ln.,1165.0,42.2777291,-83.7423622
826,4685 hunt club dr.,1100.0,-28.0219215,153.3373055
829,1006 pontiac trail,1500.0,42.30154991677406,-83.72719734545764
833,1863 collins ct.,999.0,32.3073622,-86.3458028
839,309 e jefferson #2,4500.0,39.2829459,-76.6018054
840,121 glen #2,4200.0,42.30154991677406,-83.72719734545764
841,210 n 1st st,3200.0,42.284972,-83.739668
842,208 w ann #1,3600.0,36.303609376899054,-82.3516509491529
843,203 koch ave.,3750.0,32.3073622,-86.3458028
844,106 depot st.,3000.0,42.07834041735565,-83.69042561583056
845,109 glen ave #2,4200.0,42.248894899999996,-83.74726903728029
846,508 packard st.,4350.0,42.26761516570081,-83.77049914685873
847,504 lawrence st #2,4000.0,39.2829459,-76.6018054
848,503 elm st. apt 1,4800.0,28.195649821265523,-82.75480659654963
849,401 lawrence st. #2,4000.0,28.195649821265523,-82.75480659654963
851,812 brown st.,3900.0,42.592353,-83.875311
852,549 packard st. #1,4800.0,28.195649821265523,-82.75480659654963
853,508 lawrence,3900.0,28.195649821265523,-82.75480659654963
854,616 lawrence,3750.0,28.195649821265523,-82.75480659654963
855,511 elizabeth,3600.0,42.285222653061226,-83.74940814285713
856,815 lawrence,4200.0,39.05946099621044,-108.56384717841014
857,500 packard,3800.0,42.262155,-83.779853
858,419 n ingalls,3750.0,42.262155,-83.779853
859,275 harbor way,1499.0,42.262155,-83.779853
860,1837 davis st.,999.0,42.262155,-83.779853
863,2044 mcdivitt ct,1364.0,40.81503817278775,-81.92342347516632
866,140 lauff,970.0,31.64756402040816,-86.73004993877551
867,3998 audrey rae ln.,1165.0,40.5117699,-88.9944815
868,3998 audrey rae lane,1165.0,41.759865839275285,-124.2041980888373
869,3998 audrey rae lane,1165.0,42.30154991677406,-83.72719734545764
870,3998 audrey rae lane,1200.0,34.31802826558062,-82.66431989401973
871,3998 audrey rae lane,1165.0,41.30368816987742,-101.92617845313801
873,1245 astor avenue,1575.0,39.2829459,-76.6018054
874,1840 collins ct,999.0,42.2777291,-83.7423622
875,2960 international drive,899.0,42.248894899999996,-83.74726903728029
882,1815 hiawatha pl,1800.0,42.2777291,-83.7423622
884,2962 signature blvd,1890.0,33.947838,-83.297437
885,2514 whitetail run court,2200.0,39.2829459,-76.6018054
886,458 village oaks,2200.0,42.248894899999996,-83.74726903728029
887,1205 island drive,1350.0,32.3073622,-86.3458028
888,1003 s 7th street,1600.0,42.2505419436531,-83.66357218561993
889,1773 hideaway lane drive,3795.0,42.53105295884219,-83.57570862365843
890,2201 glencoe hills,1099.0,42.530704843309486,-83.57631712550217
897,1825 hill st,2780.0,37.90081553061224,-89.34060640816327
898,310 e william,6550.0,41.733742,-70.946246
899,328 catherine,5370.0,42.26466124242424,-83.71830472727272
900,1288 broadway,2760.0,42.31975477085737,-83.70276224000055
901,222 brookridge,2500.0,42.19403404081633,-83.48415716326531
903,117 e davis,2175.0,32.3073622,-86.3458028
913,512 n ashley st,1295.0,55.8979778,-4.1931659
916,2511 packard st,1685.0,42.262155,-83.779853
918,1984 traver rd,1219.0,42.248894899999996,-83.74726903728029
922,101 lake village,2251.0,54.9963808,-1.6279574
923,275 harbor way,1499.0,42.533949137256215,-83.77743834447756
924,2501 keystone ln,840.0,39.2829459,-76.6018054
925,2501 keystone ln,840.0,42.262155,-83.779853
926,2501 keystone ln,1040.0,42.262155,-83.779853
927,2501 keystone ln,1040.0,42.30154991677406,-83.72719734545764
932,"40935 micol dr,",800.0,28.195649821265523,-82.75480659654963
933,"40935 micol dr,",800.0,28.195649821265523,-82.75480659654963
934,275 harbor way,1449.0,28.195649821265523,-82.75480659654963
935,27883 independence st,825.0,28.195649821265523,-82.75480659654963
936,1751 cass lake front st,950.0,28.195649821265523,-82.75480659654963
937,1777 plymouth road,1625.0,42.26804544897959,-83.77355891836734
939,201 e madison st,3345.0,42.310263734693876,-83.71850563265306
940,46 e cross st,1845.0,42.248894899999996,-83.74726903728029
942,728 s main st,1645.0,42.23897849959804,-83.71850497747207
943,955 sumpter road,1100.0,42.26804544897959,-83.77355891836734
944,908 sybil st,1625.0,42.30154991677406,-83.72719734545764
946,1000 w huron st,1250.0,42.248894899999996,-83.74726903728029
947,2976 cascade drive,770.0,42.61367487033016,-83.34652041001483
948,508 hill st,4599.0,39.133456193856965,-84.4682042106839
951,527 s 4th ave,1845.0,42.747449,-84.41218
952,414 s division st,1295.0,36.303609376899054,-82.3516509491529
955,1984 traver rd,1379.0,42.6764476,-83.2686571
956,201 e madison st,3345.0,42.26804544897959,-83.77355891836734
957,2976 cascade drive,890.0,42.248894899999996,-83.74726903728029
958,2976 cas,1155.0,42.248894899999996,-83.74726903728029
960,1005 maiden lane,1359.0,33.947838,-83.297437
961,119 west mosley,2475.0,42.747449,-84.41218
962,520 n ashley st,1395.0,33.947838,-83.297437
963,1355 s. winter st.,830.0,42.79470738766215,-83.73924953684812
964,275 harbor way,1579.0,42.79470738766215,-83.73924953684812
965,1751 scio ridge rd,2895.0,42.53105295884219,-83.57570862365843
966,101 lake village,1952.0,42.530704843309486,-83.57631712550217
967,512 n ashley st,1295.0,42.25103352594016,-83.72497751726432
970,520 n ashley st,1325.0,-29.8091218,131.6466159
972,403 s division,2985.0,42.25495460431768,-83.67380888701187
973,1005 maiden lane,1299.0,54.9963808,-1.6279574
974,727 e kingsley st,1795.0,42.30154991677406,-83.72719734545764
975,1005 maiden lane,1499.0,42.19403404081633,-83.48415716326531
977,4685 hunt club dr.,1400.0,42.238664,-83.721835
978,140 lauff drive,1030.0,32.3073622,-86.3458028
979,1338 washtenaw ave,1195.0,42.275928002687316,-83.57347694357902
981,1121 packard,4650.0,42.61367487033016,-83.34652041001483
982,1803 hill st,6490.0,54.9963808,-1.6279574
984,727 e kingsley st,1795.0,42.07834041735565,-83.69042561583056
986,1803 hill st,2780.0,42.262155,-83.779853
987,1803 hill,2800.0,42.262155,-83.779853
988,10675 martz rd,1600.0,42.262155,-83.779853
989,2124 abbot,1895.0,42.262155,-83.779853
993,512 washtenaw,695.0,41.877684,-84.03765
994,1580 siller terrace,1595.0,39.2829459,-76.6018054
995,208 ballard,1195.0,42.238664,-83.721835
996,1207 willard,6300.0,42.30154991677406,-83.72719734545764
998,275 harbor way,1399.0,42.27459941028353,-83.67298967608583
1001,1006 pontiac trail,1500.0,28.195649821265523,-82.75480659654963
1002,2960 international drive,989.0,28.195649821265523,-82.75480659654963
1010,3050 birch hollow dr,975.0,45.3546964,-87.6942799
1011,3050 birch hollow dr,1095.0,38.864204,-104.819825
1013,101 lake village,1555.0,42.238664,-83.721835
1017,2960 international drive,839.0,42.26804544897959,-83.77355891836734
1018,140 helle blvd,1190.0,35.3566152,74.8569804
1019,275 harbor way,1449.0,42.2855644,-83.7176666
1020,1984 traver rd,1219.0,42.609417,-83.953736
1023,3998 audrey rae lane,1165.0,43.01540526530612,-76.1275160612245
1024,3998 audrey rae ln.,1155.0,39.86665767014796,-75.2747500548714
1027,1245 astor ave,1235.0,36.303609376899054,-82.3516509491529
1028,140 lauff drive,1040.0,42.6764476,-83.2686571
1029,401 s. highlander way,878.0,42.2777291,-83.7423622
1030,3050 birch hollow dr,975.0,42.53105295884219,-83.57570862365843
1032,1550 brookfield dr,1359.0,51.5290971,0.0317683
1033,3008 randolph court dr.,1143.0,-28.0219215,153.3373055
1036,3400 nixon rd,2736.0,38.04268360837555,-97.97905305583697
1037,3400 nixon rd,2003.0,59.45663557142857,-135.3176050612245
1038,525 w. highland rd,1029.0,42.2995281,-75.0082191
1039,3400 nixon rd,1903.0,42.2995281,-75.0082191
1042,"104 n. mill, plymouth, mi 48170",1100.0,42.2995281,-75.0082191
1043,1006 pontiac trail #1,1500.0,41.745042882650274,-73.0428355905878
1044,3400 nixon rd,1626.0,42.250085999999996,-83.7477246510791
1045,1863 collins ct.,999.0,42.880083,-78.86007
1046,3400 nixon rd,1501.0,36.2071354170498,-115.28893900466245
1047,3400 nixon rd,1486.0,36.2071354170498,-115.28893900466245
1048,275 harbor way,1885.0,38.04268360837555,-97.97905305583697
1049,140 lauff,970.0,32.3073622,-86.3458028
1050,275 harbor way,1499.0,41.30368816987742,-101.92617845313801
1051,1837 davis st.,999.0,41.30368816987742,-101.92617845313801
1052,2911 bynan dr.,909.0,32.3073622,-86.3458028
1054,2044 mcdivitt ct,1363.0,41.30368816987742,-101.92617845313801
1055,212 stevens drive,818.0,29.853534,-95.529008
1056,212 stevens drive,918.0,41.30368816987742,-101.92617845313801
1057,212 stevens dr,938.0,41.30368816987742,-101.92617845313801
1058,212 stevens drive,918.0,-34.568296,-58.4834154
1059,212 stevens drive,918.0,42.26613817553384,-71.79183572676749
1060,212 stevens drive,918.0,42.235222500000006,-83.7552779256812
1061,212 stevens drive,918.0,42.248894899999996,-83.74726903728029
1062,212 stevens dr,818.0,32.3073622,-86.3458028
1063,212 stevens drive,918.0,32.3073622,-86.3458028
1064,212 stevens drive,918.0,36.05600475642987,-80.29309482236044
1065,212 stevens drive,918.0,42.533949137256215,-83.77743834447756
1066,212 stevens drive,918.0,36.2071354170498,-115.28893900466245
1067,212 stevens drive,918.0,36.2071354170498,-115.28893900466245
1072,1840 collins ct,999.0,42.530704843309486,-83.57631712550217
1073,275 harbor way,1399.0,51.5290971,0.0317683
1075,1450 chestnut dr.,1145.0,-28.0219215,153.3373055
1076,"7103 mckean rd,",500.0,36.05600475642987,-80.29309482236044
1078,658 michigan ave,1050.0,41.874867,-84.037706
1085,1005 maiden lane,1299.0,42.30154991677406,-83.72719734545764
1087,2911 bynan dr,969.0,42.30154991677406,-83.72719734545764
1088,1005 maiden lane,1359.0,42.235222500000006,-83.7552779256812
1089,1005 maiden lane,1499.0,42.248894899999996,-83.74726903728029
1092,133 edenwood dr,1311.0,42.262155,-83.779853
1093,2345 woodridge way,959.0,42.262155,-83.779853
1094,101 lake village,2251.0,42.262155,-83.779853
1095,1984 traver rd,1229.0,36.05600475642987,-80.29309482236044
1097,3100 s. winter st.,835.0,28.2870345,-81.4122111
1100,2345 woodbridge,1109.0,32.3073622,-86.3458028
1102,658 michigan ave,1650.0,42.248894899999996,-83.74726903728029
1103,413 e huron,1249.0,42.23897849959804,-83.71850497747207
1105,1355 s. winter st.,830.0,28.2870345,-81.4122111
1106,825 tappan ave,1345.0,42.07834041735565,-83.69042561583056
1107,275 harbor way,1499.0,42.235222500000006,-83.7552779256812
1111,1984 traver rd,1469.0,42.07834041735565,-83.69042561583056
1114,101 lake village,1276.0,42.238664,-83.721835
1116,31170 wellington drive,1088.0,36.303609376899054,-82.3516509491529
1118,3089 woodland hills dr,939.0,42.235222500000006,-83.7552779256812
1122,2960 international,989.0,32.3073622,-86.3458028
1123,140 lauff drive,1030.0,42.747449,-84.41218
1125,2345 woodridge way,889.0,42.07834041735565,-83.69042561583056
1126,2820 windwood,1675.0,36.05600475642987,-80.29309482236044
1127,403 south fifth avenue apt. 2,2150.0,39.2829459,-76.6018054
1129,520 n ashley st,1325.0,35.3566152,74.8569804
1130,1984 traver rd,1219.0,42.53105295884219,-83.57570862365843
1131,2960 international drive,899.0,42.248894899999996,-83.74726903728029
1133,2911 bynan dr.,909.0,51.5290971,0.0317683
1134,1751 cass lake front st,950.0,-28.0219215,153.3373055
1136,1006 pontiac trail,1500.0,42.30154991677406,-83.72719734545764
1144,1550 brookfield,1489.0,42.07834041735565,-83.69042561583056
1151,27883 independence st,925.0,54.9963808,-1.6279574
1152,27883 independence st,1090.0,42.284972,-83.739668
1158,275 harbor way,1399.0,51.511027,-0.1222913
1160,4685 hunt club dr,1100.0,39.2829459,-76.6018054
1161,3400 nixon rd,2731.0,42.27143305,-83.73694795733655
1162,1510 plymouth rd,1132.0,28.195649821265523,-82.75480659654963
1164,3400 nixon rd,2003.0,41.877684,-84.03765
1165,41265 crossbow circle,1630.0,40.859876666666665,-73.85145933333332
1166,3400 nixon rd,1903.0,42.27143305,-83.73694795733655
1167,3400 nixon rd,1596.0,29.853534,-95.529008
1168,3400 nixon rd,1501.0,42.61367487033016,-83.34652041001483
1169,3400 nixon rd,1486.0,42.07834041735565,-83.69042561583056
1170,275 harbor way,1499.0,42.27143305,-83.73694795733655
1172,101 lake village,1539.0,42.26804544897959,-83.77355891836734
1175,140 lauff,970.0,42.26804544897959,-83.77355891836734
1176,525 w highland road,1029.0,42.27143305,-83.73694795733655
1177,2820 windwood,1644.0,42.248894899999996,-83.74726903728029
1180,908 sybil st,1625.0,42.2575998,-83.6601296
1181,2911 bynan dr.,919.0,40.11671391408905,-76.51809509581307
1183,3265 boardwalk drive,1410.0,42.635164365853655,-83.32942139024391
1187,727 e kingsley st,1795.0,42.07834041735565,-83.69042561583056
1191,103 fieldcrest st,1330.0,41.30368816987742,-101.92617845313801
1193,6070 campbell rd,1200.0,42.26804544897959,-83.77355891836734
1194,221 n fifth avenue,2200.0,42.262155,-83.779853
1195,2820 windwood,1644.0,42.23897849959804,-83.71850497747207
1196,2820 windwood,1483.0,39.059305328895306,-108.56346873671589
1199,3000 signature blvd.,1388.0,32.3073622,-86.3458028
1201,3000 signature blvd.,1353.0,37.56254571998071,-77.48744963164899
1206,2820 windwood,1644.0,42.2777291,-83.7423622
1208,2224 golfside drive,989.0,-28.0219215,153.3373055
1209,2224 golfside drive,989.0,42.25275509242512,-83.75326378335986
1210,2820 windwood,1675.0,42.27517685136242,-83.74574669363199
1211,1006 pontiac trail,1500.0,41.78592587096774,-71.40502848387096
1212,2224 golfside drive,1029.0,42.25747222078709,-83.77290684277664
1220,1006 pontiac trail #1,1500.0,NaN,NaN
1224,2502 packard st.,1709.0,NaN,NaN
1225,2502 packard st.,1999.0,NaN,NaN
1226,955 sumpter road,1100.0,NaN,NaN
1228,2820 windwood,1675.0,NaN,NaN
1229,275 harbor way,1499.0,NaN,NaN
1230,275 harbor way,1399.0,NaN,NaN
1231,2820 windwood,1483.0,NaN,NaN
1232,2201 glencoe hills dr,2179.0,NaN,NaN
1233,3000 signature blvd.,1407.0,NaN,NaN
1237,275 harbor way,1499.0,NaN,NaN
1242,2224 golfside drive,1029.0,NaN,NaN
1243,2224 golfside drive,1076.0,NaN,NaN
1245,3100 s. winter st.,880.0,NaN,NaN
1246,2820 windwood,1644.0,NaN,NaN
1247,3100 s. winter st.,835.0,NaN,NaN
1249,1355 s. winter st.,830.0,NaN,NaN
1250,2224 golfside drive,989.0,NaN,NaN
1251,525 west highland rd,1029.0,NaN,NaN
1254,2820 windwood,1644.0,NaN,NaN
1260,955 sumpter road,1100.0,NaN,NaN
1261,1984 traver rd,1229.0,NaN,NaN
1263,1984 traver rd,1219.0,NaN,NaN
1264,2201 glencoe hills drive,1099.0,NaN,NaN
1265,101 lake village,1276.0,NaN,NaN
1266,101 lake village,1502.0,NaN,NaN
1269,275 harbor way,1499.0,NaN,NaN
1274,3050 birch hollow dr,1210.0,NaN,NaN
1275,309 n. hamilton,575.0,NaN,NaN
1276,1980 pauline boulevard,1189.0,NaN,NaN
1278,1984 traver rd,1469.0,NaN,NaN
1280,603 e. huron street,999.0,NaN,NaN
1281,603 e. huron street,1049.0,NaN,NaN
1282,2501 keystone ln,840.0,NaN,NaN
1283,2501 keystone ln,840.0,NaN,NaN
1285,2501 keystone ln,1040.0,NaN,NaN
1286,2501 keystone ln,1040.0,NaN,NaN
1288,275 harbor way,1885.0,NaN,NaN
1289,2960 international drive,859.0,NaN,NaN
1293,101 lake village,1276.0,NaN,NaN
1295,2820 windwood,1483.0,NaN,NaN
1296,3050 birch hollow dr,1510.0,NaN,NaN
1297,1984 traver rd,1219.0,NaN,NaN
1298,2201 glencoe hills drive,929.0,NaN,NaN
1299,140 lauff drive,1040.0,NaN,NaN
1300,1107 s university ave,800.0,NaN,NaN
1302,275 harbor way,1399.0,NaN,NaN
1303,3050 birch hollow dr,1150.0,NaN,NaN
1304,140 lauff,970.0,NaN,NaN
1307,525 west highland rd,1029.0,NaN,NaN
1308,27883 independence st,825.0,NaN,NaN
1309,1099 maiden lane,2095.0,NaN,NaN
1312,27883 independence st,1090.0,NaN,NaN
1313,1751 cass lake front st,950.0,NaN,NaN
1314,574 town trail,1500.0,NaN,NaN
1318,2911 bynan dr.,989.0,NaN,NaN
1319,2820 windwood,1644.0,NaN,NaN
1320,3050 birch hollow dr,1075.0,NaN,NaN
1326,275 harbor way,1499.0,NaN,NaN
1327,3016 cloverly lane,1400.0,NaN,NaN
1328,118 w oakbrook dr,2000.0,NaN,NaN
1331,1980 pauline boulevard,1209.0,NaN,NaN
1338,3000 signature blvd.,1353.0,NaN,NaN
1341,1245 astor ave,1500.0,NaN,NaN
1347,101 lake village,1502.0,NaN,NaN
1349,275 harbor way,1399.0,42.262155,-83.779853
1351,1863 collins ct.,999.0,NaN,NaN
1352,1840 collins ct,999.0,NaN,NaN
1353,1837 davis st.,999.0,NaN,NaN
1354,2044 mcdivitt ct.,1364.0,NaN,NaN
1355,1840 collins ct,999.0,NaN,NaN
1356,1050 fishville rd,2099.0,NaN,NaN
1359,3050 birch hollow dr,975.0,NaN,NaN
1361,3050 birch hollow dr,1515.0,NaN,NaN
1365,1984 traver rd,1499.0,NaN,NaN
1371,101 lake village,1781.0,NaN,NaN
1372,2820 windwood,1644.0,NaN,NaN
1373,2501 keystone lane,915.0,NaN,NaN
1376,8719 meadowbrook unit 12,850.0,NaN,NaN
1378,27883 independence st,1090.0,NaN,NaN
1380,2501 keystone lane,1040.0,NaN,NaN
1386,2501 keystone lane,915.0,NaN,NaN
1390,140 lauff drive,1030.0,NaN,NaN
1391,2820 windwood,1675.0,NaN,NaN
1392,1505 natalie ln,1245.0,NaN,NaN
1395,1837 davis st.,999.0,NaN,NaN
1397,2044 mcdivitt ct.,1364.0,NaN,NaN
1401,1245 astor,1590.0,NaN,NaN
1404,275 harbor way,1499.0,NaN,NaN
1406,2960 international dr.,989.0,NaN,NaN
1407,2230 melbourne,1429.0,NaN,NaN
1412,2230 melbourne ave.,1304.0,NaN,NaN
1413,1984 traver rd,1219.0,NaN,NaN
1414,401 s. highlander way,878.0,NaN,NaN
1416,275 harbor way,1499.0,NaN,NaN
1417,2230 melbourne ave.,1304.0,NaN,NaN
1418,1131 nielsen ct,1300.0,NaN,NaN
1423,2021 medford rd,1229.0,NaN,NaN
1424,2960 international drive,1019.0,NaN,NaN
1425,2820 windwood,1483.0,NaN,NaN
1426,140 lauff drive,1040.0,NaN,NaN
1427,2021 medford rd,1529.0,NaN,NaN
1431,212 stevens drive,918.0,NaN,NaN
1432,2911 bynan dr.,909.0,NaN,NaN
1436,140 lauff drive,970.0,NaN,NaN
1437,512 n ashley st,1295.0,NaN,NaN
1438,2501 keystone lane,1040.0,NaN,NaN
1439,3998 audrey rae ln.,1165.0,NaN,NaN
1440,2201 glencoe hills drive,929.0,NaN,NaN
1441,525 west highland rd,1029.0,NaN,NaN
1442,212 stevens drive,918.0,NaN,NaN
1443,212 stevens drive,918.0,NaN,NaN
1444,201 e madison st,3345.0,NaN,NaN
1447,3998 audrey rae ln.,1165.0,NaN,NaN
1448,518 e william st,3295.0,NaN,NaN
1449,2960 international,1019.0,NaN,NaN
1452,1980 pauline boulevard,1189.0,NaN,NaN
1453,512 n ashley st,1295.0,NaN,NaN
1455,22250 swan road,765.0,NaN,NaN
1458,2820 windwood,1644.0,NaN,NaN
1460,140 lauff,970.0,NaN,NaN
1461,1984 traver road,1239.0,NaN,NaN
1463,520 n ashley st,1395.0,NaN,NaN
1466,1863 collins ct.,999.0,NaN,NaN
1467,1840 collins ct,999.0,NaN,NaN
1468,1837 davis st.,999.0,NaN,NaN
1469,3265 boardwalk drive,1410.0,NaN,NaN
1470,518 e william st,1780.0,NaN,NaN
1471,2044 mcdivitt ct.,1364.0,NaN,NaN
1473,520 n ashley st,1325.0,NaN,NaN
1477,3050 birch hollow dr,975.0,NaN,NaN
1478,1984 traver rd,1219.0,NaN,NaN
1479,955 sumpter road,1100.0,NaN,NaN
1481,211 washington,900.0,NaN,NaN
1491,3050 birch hollow dr,1095.0,NaN,NaN
1492,2820 windwood,1644.0,NaN,NaN
1493,108 washtenaw,800.0,NaN,NaN
1495,108 washtenaw,800.0,NaN,NaN
1496,108 washtenaw,800.0,NaN,NaN
1498,211 washington,700.0,NaN,NaN
1501,2960 international dr.,839.0,NaN,NaN
1503,2960 international dr.,989.0,NaN,NaN
1505,1984 traver rd,1469.0,NaN,NaN
1506,727 e kingsley st,1795.0,NaN,NaN
1507,525 west highland rd,1029.0,NaN,NaN
1511,2820 windwood,1483.0,NaN,NaN
1513,140 lauff drive,970.0,NaN,NaN
1514,275 harbor way,1399.0,NaN,NaN
1516,1816 stadium place,1019.0,NaN,NaN
1519,2960 international dr.,989.0,NaN,NaN
1521,3400 nixon rd,2731.0,NaN,NaN
1522,3400 nixon rd,2003.0,NaN,NaN
1523,3400 nixon rd,1903.0,NaN,NaN
1524,3998 audrey rae ln.,1200.0,NaN,NaN
1525,3400 nixon rd,1596.0,NaN,NaN
1526,3400 nixon rd,1501.0,NaN,NaN
1527,3400 nixon rd,1486.0,NaN,NaN
1528,512 n ashley st,1295.0,NaN,NaN
1529,527 s 4th ave,1295.0,NaN,NaN
1530,2501 keystone ln,840.0,NaN,NaN
1531,2501 keystone ln,840.0,NaN,NaN
1532,2501 keystone ln,1040.0,NaN,NaN
1533,2501 keystone ln,1040.0,NaN,NaN
1534,1550 brookfield,1549.0,NaN,NaN
1535,825 tappan ave,1045.0,NaN,NaN
1536,1116 norman place,1049.0,NaN,NaN
1538,414 s division st,1295.0,NaN,NaN
1539,3050 birch hollow dr,1170.0,NaN,NaN
1540,508 n hamilton,600.0,NaN,NaN
1541,11 n normal,800.0,NaN,NaN
1542,140 lauff,1040.0,NaN,NaN
1543,1984 traver rd,1489.0,NaN,NaN
1544,111 n ashley,2500.0,NaN,NaN
1545,101 lake village,1862.0,NaN,NaN
1549,518 e william,1765.0,NaN,NaN
1552,2960 international dr.,959.0,NaN,NaN
1554,518 e william st,2395.0,NaN,NaN
1555,275 harbor way,1885.0,NaN,NaN
1557,518 e william st,874.0,NaN,NaN
1561,2201 glencoe hills drive,929.0,NaN,NaN
1562,1315 oak valley dr,1425.0,NaN,NaN
1563,1505 natalie lane,1265.0,NaN,NaN
1564,2911 bynan dr.,859.0,NaN,NaN
1565,155 lake village dr,1522.0,NaN,NaN
1570,518 e william st,1825.0,NaN,NaN
1572,1550 brookfield,1499.0,NaN,NaN
1577,41265 crossbow circle,1425.0,NaN,NaN
1581,2960 international drive,889.0,NaN,NaN
1582,275 harbor way,1499.0,NaN,NaN
1583,2820 windwood,1675.0,NaN,NaN
1585,4854 washtenaw,1260.0,NaN,NaN
1586,1863 collins ct.,999.0,NaN,NaN
1587,1840 collins ct,999.0,NaN,NaN
1588,1837 davis st.,999.0,NaN,NaN
1589,2044 mcdivitt ct.,1364.0,NaN,NaN
1591,332 e willian,1060.0,NaN,NaN
1592,332 e william,1225.0,NaN,NaN
1593,332 e william,1595.0,NaN,NaN
1594,409 s division,5175.0,NaN,NaN
1595,530 s division,7200.0,NaN,NaN
1598,1400 morton ave,1400.0,NaN,NaN
1601,2130 washtenaw avenue,2195.0,NaN,NaN
1604,2856 barclay way,1850.0,NaN,NaN
1606,955 sumpter road,1100.0,NaN,NaN
1607,2820 windwood,1483.0,NaN,NaN
1608,2820 windwood,1644.0,NaN,NaN
1609,2973 west clark rd,999.0,NaN,NaN
1611,2973 west clark rd,1299.0,NaN,NaN
1612,1355 s. winter st.,680.0,NaN,NaN
1613,2911 bynan dr.,967.0,NaN,NaN
1614,140 lauff drive,1030.0,NaN,NaN
1615,1980 pauline boulevard,1189.0,NaN,NaN
1618,1550 brookfield,1529.0,NaN,NaN
1621,1647 franklin,1900.0,NaN,NaN
1622,1980 pauline boulevard,1209.0,NaN,NaN
1623,1550 brookfield dr,1239.0,NaN,NaN
1625,2501 keystone lane,915.0,NaN,NaN
1627,1984 traver rd,1219.0,NaN,NaN
1629,2501 keystone lane,1040.0,NaN,NaN
1630,1550 brookfield,1579.0,NaN,NaN
1633,275 harbor way,1499.0,NaN,NaN
1636,727 e kingsley st,1795.0,NaN,NaN
1637,520 n ashley st,1325.0,NaN,NaN
1640,140 lauff drive,1040.0,NaN,NaN
1643,1550 brookfield,1549.0,NaN,NaN
1645,321 williamsen dr,1070.0,NaN,NaN
1648,2960 international dr.,869.0,NaN,NaN
1651,2501 keystone lane,915.0,NaN,NaN
1652,2501 keystone lane,1040.0,NaN,NaN
1653,1984 traver rd,1489.0,NaN,NaN
1654,40530 tamarack dr,929.0,NaN,NaN
1655,27883 independence st,825.0,NaN,NaN
1656,27883 independence st,1090.0,NaN,NaN
1657,3400 nixon rd,2731.0,NaN,NaN
1658,3400 nixon rd,2003.0,NaN,NaN
1659,3400 nixon rd,1903.0,NaN,NaN
1660,3400 nixon rd,1596.0,NaN,NaN
1661,3400 nixon rd,1501.0,NaN,NaN
1662,3400 nixon rd,1486.0,NaN,NaN
1665,1980 pauline boulevard,1209.0,NaN,NaN
1667,2230 melbourne,1304.0,NaN,NaN
1670,2311 lancashire drive,1249.0,NaN,NaN
1671,275 harbor way,1885.0,NaN,NaN
1674,3100 s. winter st.,825.0,NaN,NaN
1676,3050 birch hollow dr,1410.0,NaN,NaN
1677,1980 pauline boulevard,1209.0,NaN,NaN
1679,1984 traver rd,1369.0,NaN,NaN
1680,518 e william,2395.0,NaN,NaN
1683,275 harbor way,1499.0,NaN,NaN
1684,1751 cass lake front st,950.0,NaN,NaN
1685,1919 dexter avenue,2450.0,NaN,NaN
1687,1980 pauline boulevard,1189.0,NaN,NaN
1688,8100 east jefferson avenue,10105.0,NaN,NaN
1696,5800 benson dr,759.0,NaN,NaN
1697,525 w. highland rd,1029.0,NaN,NaN
1699,140 lauff drive,970.0,NaN,NaN
1700,5800 benson dr,817.0,NaN,NaN
1703,2911 bynan,909.0,NaN,NaN
1704,1980 pauline blvd,1029.0,NaN,NaN
1705,275 harbor way,1399.0,NaN,NaN
1706,275 harbor way,1499.0,NaN,NaN
1707,2960 international drive,889.0,NaN,NaN
1711,41265 crossbow circle,1130.0,NaN,NaN
1713,5800 benson dr,749.0,NaN,NaN
1714,41265 crossbow circle,1130.0,NaN,NaN
1715,16000 silver parkway,1345.0,NaN,NaN
1716,16000 silver parkway,1345.0,NaN,NaN
1717,1863 collins ct.,999.0,NaN,NaN
1718,1840 collins ct,999.0,NaN,NaN
1719,1533 pine valley blvd,1200.0,NaN,NaN
1720,1837 davis st.,999.0,NaN,NaN
1721,2044 mcdivitt ct.,1364.0,NaN,NaN
1722,403 south fifth avenue apt. 1,2150.0,NaN,NaN
1723,2973 west clark rd,1299.0,NaN,NaN
1725,2201 glencoe hills drive,1109.0,NaN,NaN
1727,1550 brookfield,1579.0,NaN,NaN
1730,1984 traver rd,1369.0,NaN,NaN
1731,955 sumpter road,1100.0,NaN,NaN
1732,2973 west clark rd.,1299.0,NaN,NaN
1733,2960 birch hollow dr,1209.0,NaN,NaN
1736,2820 windwood,1644.0,NaN,NaN
1737,1993 arbor woods blvd,1299.0,NaN,NaN
1738,201 s. first st.,2405.0,NaN,NaN
1739,1751 cass lake front st,950.0,NaN,NaN
1740,1550 brookfield,1549.0,NaN,NaN
1741,1315 oak valley dr,1315.0,NaN,NaN
1742,140 lauff drive,1030.0,NaN,NaN
1743,201 s. 1st street,2385.0,NaN,NaN
1745,2501 keystone ln,840.0,NaN,NaN
1747,2501 keystone ln,840.0,NaN,NaN
1748,2501 keystone ln,1040.0,NaN,NaN
1749,2501 keystone ln,1040.0,NaN,NaN
1750,1984 traver rd,1219.0,NaN,NaN
1751,1980 pauline boulevard,1309.0,NaN,NaN
1752,1550 brookfield dr,1359.0,NaN,NaN
1753,1355 s. winter st.,680.0,NaN,NaN
1754,2960 international drive,1019.0,NaN,NaN
1757,2960 birch hollow dr,1039.0,NaN,NaN
1762,1984 traver rd,1219.0,NaN,NaN
1763,16000 silver parkway,1345.0,NaN,NaN
1764,459 village green blvd,1349.0,NaN,NaN
1765,2911 bynan dr.,909.0,NaN,NaN
1766,3400 nixon rd,2724.0,NaN,NaN
1768,3400 nixon rd,2003.0,NaN,NaN
1769,3400 nixon rd,1903.0,NaN,NaN
1770,3400 nixon rd,1581.0,NaN,NaN
1771,3400 nixon rd,1486.0,NaN,NaN
1772,3400 nixon rd,1471.0,NaN,NaN
1779,16000 silver parkway,1345.0,NaN,NaN
1780,2960 birch hollow dr,1009.0,NaN,NaN
1781,140 lauff,1040.0,NaN,NaN
1783,3100 s. winter st.,815.0,NaN,NaN
1786,539 packard,4250.0,NaN,NaN
1790,201 e madison st,3345.0,NaN,NaN
1792,140 lauff drive,970.0,NaN,NaN
1793,2960 birch hollow dr,1029.0,NaN,NaN
1794,1021 north rd. #d3,600.0,NaN,NaN
1796,2973 west clark rd,999.0,NaN,NaN
1797,2973 west clark rd,1299.0,NaN,NaN
1798,1980 pauline boulevard,1209.0,NaN,NaN
1800,1245 astor,1670.0,NaN,NaN
1801,2200 fuller ct,1880.0,NaN,NaN
1802,401 s. highlander way,878.0,NaN,NaN
1803,39 menlo park,15900.0,NaN,NaN
1804,2911 bynan dr.,969.0,NaN,NaN
1805,210 n thayer st.,4500.0,NaN,NaN
1806,212 stevens drive,918.0,NaN,NaN
1807,1004 s main,3400.0,NaN,NaN
1813,510 north center street,900.0,NaN,NaN
1814,525 west highland rd,1029.0,NaN,NaN
1815,2911 bynan,969.0,NaN,NaN
1816,518 e william st,2395.0,NaN,NaN
1817,1863 collins ct.,999.0,NaN,NaN
1819,1840 collins ct,999.0,NaN,NaN
1820,1837 davis st.,999.0,NaN,NaN
1821,2044 mcdivitt ct.,1364.0,NaN,NaN
1822,3265 boardwalk drive,1530.0,NaN,NaN
1823,2973 west clark rd.,1149.0,NaN,NaN
1824,2973 west clark rd,1299.0,NaN,NaN
1826,416 s. 5th avenue,2190.0,NaN,NaN
1827,396 west delhi,1580.0,NaN,NaN
1828,396/398 west delhi,1580.0,NaN,NaN
1829,396/398 west delhi,1580.0,NaN,NaN
1831,396/398 west delhi,1580.0,NaN,NaN
1832,396/398 west delhi,1580.0,NaN,NaN
1835,258 plymouth road,1190.0,NaN,NaN
1836,155 lake village dr,1587.0,NaN,NaN
1837,414 s division st,1295.0,NaN,NaN
1839,2224 golfside drive,1076.0,NaN,NaN
1840,2224 golfside drive,989.0,NaN,NaN
1841,2973 west clark rd,999.0,NaN,NaN
1842,2820 windwood,1675.0,NaN,NaN
1844,101 lake village,1491.0,NaN,NaN
1845,101 lake village,1284.0,NaN,NaN
1848,2820 windwood,1644.0,NaN,NaN
1851,2973 west clark,1299.0,NaN,NaN
1852,101 lake village,1507.0,NaN,NaN
1856,2502 packard st,1450.0,NaN,NaN
1857,101 lake village,1289.0,NaN,NaN
1858,101 lake village,1587.0,NaN,NaN
1859,700 miller,2400.0,NaN,NaN
1860,24 s. normal st,950.0,NaN,NaN
1861,1315 oak valley drive,1245.0,NaN,NaN
1862,275 harbor way,1499.0,NaN,NaN
1863,2820 windwood,1483.0,NaN,NaN
1866,2820 windwood,1675.0,NaN,NaN
1867,3089 woodland hills dr,1249.0,NaN,NaN
1868,321 williamsen dr,1075.0,NaN,NaN
1869,2224 golfside drive,1076.0,NaN,NaN
1870,2224 golfside drive,989.0,NaN,NaN
1871,2820 windwood,1483.0,NaN,NaN
1872,101 lake village,1507.0,NaN,NaN
1873,16000 silver parkway,1345.0,NaN,NaN
1874,1863 collins ct.,999.0,NaN,NaN
1875,1840 collins ct,999.0,NaN,NaN
1876,1837 davis st.,999.0,NaN,NaN
1877,3100 s. winter st.,825.0,NaN,NaN
1878,2044 mcdivitt ct.,1364.0,NaN,NaN
1879,3089 woodland hills dr,1249.0,NaN,NaN
1880,525 west highland rd,1029.0,NaN,NaN
1882,3100 s. winter st.,775.0,NaN,NaN
1883,22250 swan rd,777.0,NaN,NaN
1885,2820 windwood,1644.0,NaN,NaN
1889,3089 woodland hills dr,1269.0,NaN,NaN
1891,1315 oak valley drive,1315.0,NaN,NaN
1894,1984 traver rd,1369.0,NaN,NaN
1895,2911 bynan dr,909.0,NaN,NaN
1898,1984 traver rd,1489.0,NaN,NaN
1901,2820 windwood,1483.0,NaN,NaN
1902,1984 traver rd,1084.0,NaN,NaN
1903,1315 oak valley drive,1425.0,NaN,NaN
1906,275 harbor way,1449.0,NaN,NaN
1907,2500 lakeshore blvd,1150.0,NaN,NaN
1908,2501 keystone ln,1040.0,NaN,NaN
1909,2501 keystone ln,1040.0,NaN,NaN
1910,2501 keystone ln,840.0,NaN,NaN
1911,2501 keystone ln,840.0,NaN,NaN
1913,3089 woodland hills dr,849.0,NaN,NaN
1914,27883 independence st,925.0,NaN,NaN
1915,2500 lakeshore blvd,1100.0,NaN,NaN
1916,2960 birch hollow dr,1039.0,NaN,NaN
1917,2500 lakeshore blvd,1050.0,NaN,NaN
1918,2820 windwood,1483.0,NaN,NaN
1921,2500 lakeshore blvd,890.0,NaN,NaN
1922,275 harbor way,1399.0,NaN,NaN
1923,3050 birch hollow dr,1150.0,NaN,NaN
1924,2500 lakeshore blvd,850.0,NaN,NaN
1925,2500 lakeshore blvd,860.0,NaN,NaN
1929,140 lauff drive,1030.0,NaN,NaN
1930,1315 oak valley dr,1323.0,NaN,NaN
1935,275 harbor way,1499.0,NaN,NaN
1936,3089 woodland hills dr,849.0,NaN,NaN
1937,3089 woodland hills dr,959.0,NaN,NaN
1938,140 lauff drive,1040.0,NaN,NaN
1939,401 s. highlander way,1143.0,NaN,NaN
1940,1550 brookfield dr,1359.0,NaN,NaN
1942,2960 birch hollow dr,999.0,NaN,NaN
1943,2960 birch hollow dr,969.0,NaN,NaN
1946,525 west highland rd,1029.0,NaN,NaN
1948,3089 woodland hills dr,1249.0,NaN,NaN
1950,1315 oak valley drive,1315.0,NaN,NaN
1953,2353 twin lakes dr apt 2a,959.0,NaN,NaN
1954,2911 bynan dr.,819.0,NaN,NaN
1955,101 lake village,1507.0,NaN,NaN
1956,2820 windwood,1644.0,NaN,NaN
1957,5800 benson dr,759.0,NaN,NaN
1961,1505 natalie lane,1225.0,NaN,NaN
1963,140 lauff drive,970.0,NaN,NaN
1964,3089 woodland hills dr,1249.0,NaN,NaN
1965,2960 international drive,899.0,NaN,NaN
1968,1315 oak valley dr,1323.0,NaN,NaN
1969,1245 astor,1892.0,NaN,NaN
1970,1863 collins ct.,999.0,NaN,NaN
1971,275 harbor way,1399.0,NaN,NaN
1972,1840 collins ct,999.0,41.677758799250036,-72.89118627791828
1973,1837 davis st.,999.0,NaN,NaN
1974,2044 mcdivitt ct.,1364.0,NaN,NaN
1977,2911 bynan,839.0,NaN,NaN
1978,1984 traver rd,1219.0,NaN,NaN
1979,2201 glencoe hills drive,929.0,NaN,NaN
1984,2820 windwood,1644.0,NaN,NaN
1985,1984 traver rd,1419.0,NaN,NaN
1986,3050 birch hollow dr,975.0,NaN,NaN
1987,1550 brookfield,1489.0,NaN,NaN
1990,600 hidden valley club drive,1340.0,NaN,NaN
1992,41265 crossbow circle,1425.0,NaN,NaN
1993,140 lauff drive,970.0,NaN,NaN
1994,41265 crossbow,1130.0,NaN,NaN
1995,1550 brookfield,1529.0,NaN,NaN
1997,2201 glencoe hills drive,1119.0,NaN,NaN
2002,2501 keystone lane,1035.0,,
2005,101 lake village,1420.0,,
2006,1984 traver rd,1219.0,,
2007,1550 brookfield,1529.0,,
2008,727 e kingsley st,1645.0,,
2009,1005 maiden lane,1359.0,,
2010,2501 keystone lane,1035.0,,
2013,275 harbor way,1499.0,,
2014,1901 pointe lane,1660.0,,
2015,1901 pointe lane,1390.0,,
2018,1005 maiden lane,1499.0,,
2019,1980 pauline boulevard,1189.0,,
2020,2960 international dr.,959.0,,
2021,825 tappan ave,1345.0,,
2022,3400 nixon rd,1476.0,,
2023,3400 nixon rd,1511.0,,
2024,1355 s. winter st.,775.0,,
2026,1245 astor avenue,1575.0,,
2027,825 tappan ave,1495.0,,
2028,2502 packard st.,2799.0,,
2030,1751 cass lake front st,925.0,,
2032,140 lauff drive,1030.0,,
2033,825 tappan ave,1595.0,,
2034,1082 e. chicago blvd.,885.0,,
2037,1980 pauline boulevard,1029.0,,
2038,2911 bynan,969.0,,
2039,525 w. highland rd,1029.0,,
2041,1980 pauline boulevard,1209.0,,
2042,825 tappan ave,1595.0,,
2043,275 harbor way,1399.0,,
2045,2960 international drive,1019.0,,
2047,2501 keystone lane,1035.0,,
2048,2911 bynan dr.,919.0,,
2049,508 hill st,4595.0,,
2051,527 s 4th ave,1295.0,,
2052,1000 w huron st,1250.0,,
2053,554 s 5th ave,1499.0,,
2054,825 tappan ave,1595.0,,
2056,728 s main st,1395.0,,
2057,140 lauff drive,1040.0,,
2058,908 sybil st,1625.0,,
2059,1000 w huron st,1175.0,,
2060,2353 twin lakes dr apt 2a,1109.0,,
2061,101 lake village,1502.0,,
2062,459 village green blvd,1303.0,,
2064,1980 pauline boulevard,1189.0,,
2065,2501 keystone lane,1035.0,,
2067,3050 birch hollow dr,1210.0,,
2068,553 s 4th ave,1195.0,,
2069,140 lauff drive,970.0,,
2071,2020 arbor circle east,1279.0,,
2074,2820 windwood,1644.0,,
2075,1863 collins ct.,999.0,,
2076,417 n hamilton st,1395.0,,
2077,1840 collins ct,999.0,,
2078,1315 oak valley dr,1245.0,,
2079,1450 chestnut drive,930.0,,
2080,3265 boardwalk drive,1530.0,,
2081,518 e william st,1765.0,,
2082,1837 davis st.,999.0,,
2083,2044 mcdivitt ct.,1364.0,,
2085,"275 fieldcrest street , mi 48103",1415.0,,
2086,308 packard street,995.0,,
2089,419 montgomery avenue,1900.0,,
2090,2002 brampton court,2000.0,,
2091,1942 west liberty,1429.0,,
2092,1980 pauline boulevard,1189.0,,
2094,3100 s. winter st.,815.0,,
2098,200 trealout dr. apt #1,970.0,,
2099,1984 traver rd,1489.0,,
2100,2224 golfside drive,989.0,,
2102,2960 birch hallow dr.,1009.0,,
2103,3400 nixon rd,2687.0,,
2105,2224 golfside drive,1076.0,,
2106,3400 nixon rd,2100.0,,
2107,27883 independence st,925.0,,
2108,2960 birch hallow dr.,1009.0,,
2109,2960 birch hollow dr,1029.0,,
2110,3400 nixon rd,1995.0,,
2111,3400 nixon rd,1572.0,,
2112,2960 birch hollow dr,1029.0,,
2113,3400 nixon rd,1476.0,,
2114,955 sumpter road,1100.0,,
2115,2960 birch hallow dr.,969.0,,
2116,3400 nixon rd,1511.0,,
2117,3100 s. winter st.,825.0,,
2118,1550 brookfield,1489.0,,
2119,1550 brookfield,1589.0,,
2120,49000 denton road,852.0,,
2121,1980 pauline boulevard,1189.0,,
2122,49000 denton road,828.0,,
2126,49000 denton road,878.0,,
2127,2820 windwood,1644.0,,
2129,1863 collins ct.,999.0,,
2130,1840 collins ct,999.0,,
2131,1837 davis st.,999.0,,
2133,1550 brookfield,1489.0,,
2135,1984 traver rd,1469.0,,
2136,2501 keystone ln,1035.0,,
2137,2501 keystone ln,1035.0,,
2138,2501 keystone ln,1035.0,,
2139,2501 keystone ln,1035.0,,
2140,212 stevens drive,918.0,,
2141,212 stevens drive,918.0,,
2142,212 stevens drive,818.0,,
2143,508 hill st,4595.0,,
2146,1315 oak valley drive,1345.0,,
2147,525 west highland rd,1029.0,,
2148,2044 mcdivitt ct.,1364.0,,
2149,2820 windwood,1483.0,,
2150,2820 windwood,1644.0,,
2151,2960 international dr.,819.0,,
2153,1984 traver rd,1369.0,,
2154,3089 woodland hills dr,1269.0,,
2156,140 lauff drive,970.0,,
2159,2960 birch hollow dr.,999.0,,
2160,4854 washtenaw ave,1165.0,,
2161,1315 oak valley drive,1345.0,,
2162,275 harbor way,1449.0,,
2163,3050 birch hollow dr,1210.0,,
2164,525 west highland rd,1029.0,,
2165,2911 bynan,959.0,,
2166,41265 crossbow circle,1425.0,,
2167,275 harbor way,1399.0,,
2168,2911 bynan,909.0,,
2169,2820 windwood,1675.0,,
2172,2960 international drive,889.0,,
2173,2960 birch hallow dr.,1179.0,,
2177,1863 collins ct.,999.0,,
2178,1840 collins ct,999.0,,
2179,1837 davis st.,999.0,,
2180,2044 mcdivitt ct.,1364.0,,
2183,1984 traver rd,1219.0,,
2184,275 harbor way,1499.0,,
2187,3050 birch hollow dr,1210.0,,
2190,101 lake village,1492.0,,
2192,275 harbor way,1399.0,,
2193,4676 pearl street,2500.0,,
2194,203 hurd st.,1000.0,,
2195,2960 birch hallow dr.,1009.0,,
2196,3050 birch hollow dr,1210.0,,
2197,2501 keystone lane,1035.0,,
2198,1984 traver rd,1219.0,,
2200,2201 glencoe hills,1109.0,,
2202,101 lake village,1587.0,,
2203,101 lake village,1488.0,,
2204,2960 birch hallow dr.,1209.0,,
2205,201 e madison st,3345.0,,
2206,275 harbor way,1499.0,,
2207,508 hill st,4595.0,,
2208,554 s 5th ave,1045.0,,
2209,728 s main st,1395.0,,
2210,908 sybil st,1595.0,,
2211,1000 w huron st,1250.0,,
2212,2501 keystone lane,1035.0,,
2213,27883 independence st,925.0,,
2214,1751 cass lake front st,950.0,,
2215,275 harbor way,1449.0,,
2218,825 tappan ave,1045.0,,
2219,2501 keystone lane,1035.0,,
2220,1984 traver rd,1219.0,,
2221,3008 randolph court dr.,1158.0,,
2222,3050 birch hollow drive,1.0,,
2223,3998 audrey rae ln.,1165.0,,
2224,101 lake village,1326.0,,
2225,3998 audrey rae ln.,1165.0,,
2226,3998 audrey rae ln.,1205.0,,
2227,518 e william st,3995.0,,
2228,2960 international dr.,959.0,,
2229,2973 west clark rd,989.0,,
2230,140 lauff drive,970.0,,
2232,275 harbor way,1399.0,,
2233,825 tappan ave,1595.0,,
2235,2201 glencoe hills,2179.0,,
2236,140 lauff drive,1040.0,,
2238,140 lauff drive,1040.0,,
2239,223 south st.,675.0,,
2242,2501 keystone lane,1035.0,,
2245,101 lake village,1492.0,,
2246,2960 birch hallow dr.,1029.0,,
2247,2828 deake ave,1600.0,,
2248,2820 windwood,1483.0,,
2249,212 stevens drive,918.0,,
2251,212 stevens drive,918.0,,
2252,140 lauff drive,970.0,,
2253,5050 northfield dr,675.0,,
2257,1315 oak valley dr,1323.0,,
2259,1984 traver rd,1219.0,,
2260,200 trealout dr. apt #1,970.0,,
2262,200 trealout dr. apt #1,970.0,,
2263,200 trealout dr. apt #1,925.0,,
2264,200 trealout dr. apt #1,925.0,,
2265,200 trealout dr. apt #1,925.0,,
2266,200 trealout dr. apt #1,925.0,,
2267,200 trealout dr. apt #1,925.0,,
2268,200 trealout dr. apt #1,970.0,,
2270,1984 traver rd,1489.0,,
2272,155 lake village dr,1406.0,,
2273,140 lauff drive,970.0,,
2281,210 w. shawnee st.,725.0,,
2282,101 lake village,1587.0,,
2283,2501 keystone ln,1035.0,,
2284,2501 keystone ln,1035.0,,
2285,109  e. ann,1675.0,,
2286,2501 keystone ln,1035.0,,
2287,2501 keystone ln,1035.0,,
2288,1984 traver rd,1219.0,,
2293,554 s 5th ave,1499.0,,
2294,2973 w. clark rd,999.0,,
2296,101 lake village,1488.0,,
2297,2960 international drive,889.0,,
2298,324 e jefferson st,1025.0,,
2299,728 s main st,1645.0,,
2300,1000 w huron st,1250.0,,
2301,527 s 4th ave,1845.0,,
2302,2960 international dr.,959.0,,
2303,3100 s. winter st.,825.0,,
2306,2201 glencoe hills drive,929.0,,
2308,275 harbor way,1399.0,,
2311,275 harbor way,1449.0,,
2312,275 harbor way,1499.0,,
2315,1751 cass lake front st,950.0,,
2316,27883 independence st,925.0,,
2317,2960 international drive,979.0,,
2318,101 lake village,1406.0,,
2319,212 east william,1660.0,,
2321,1980 pauline boulevard,1189.0,,
2323,140 lauff drive,1040.0,,
2324,214 south hewitt,950.0,,
2325,214 south hewitt,860.0,,
2326,214 s hewitt rd,860.0,,
2327,1332 geddes,900.0,,
2330,212 stevens drive,918.0,,
2331,3400 nixon rd,2747.0,,
2332,3400 nixon rd,2100.0,,
2333,2201 glencoe hills drive,929.0,,
2334,3400 nixon rd,2000.0,,
2335,3400 nixon rd,1582.0,,
2336,3400 nixon rd,1476.0,,
2337,3400 nixon rd,1511.0,,
2339,1901 pointe lane,1190.0,,
2341,140 lauff drive,970.0,,
2342,324 e jefferson st,1745.0,,
2344,212 stevens drive,818.0,,
2345,212 stevens drive,818.0,,
2346,212 stevens drive,918.0,,
2347,212 stevens drive,818.0,,
2348,1863 collins ct.,999.0,,
2349,1840 collins ct,999.0,,
2350,1837 davis st.,999.0,,
2351,2044 mcdivitt ct.,1364.0,,
2355,921 rickett rd,1995.0,,
2357,3520 charter pl,3000.0,,
2361,603 e. huron street,999.0,,
2362,2820 windwood,1483.0,,
2363,2820 windwood,1483.0,,
2364,2820 windwood,1644.0,,
2365,808 westwood,950.0,,
2369,2820 windwood,1675.0,,
2370,2820 windwood,1675.0,,
2371,306 highlake,1550.0,,
2378,2820 windwood,1644.0,,
2381,2201 glencoe hills drive,929.0,,
2386,2960 international drive,989.0,,
2388,2960 international drive,889.0,,
2389,2820 windwood,1675.0,,
2390,3100 s. winter st.,825.0,,
2391,2820 windwood,1483.0,,
2393,275 harbor way,1399.0,,
2395,2820 windwood,1644.0,,
2396,22250 swan rd,812.0,,
2397,3100 s. winter st.,725.0,,
2398,1863 collins ct.,999.0,,
2399,1840 collins ct,999.0,,
2400,2201 glencoe hills drive,929.0,,
2401,1837 davis st.,999.0,,
2403,2044 mcdivitt ct.,1364.0,,
2404,2820 windwood,1644.0,,
2405,2960 international drive,889.0,,
2408,1315 oak valley drive,1345.0,,
2409,1984 traver rd,1489.0,,
2410,1984 traver road,1219.0,,
2411,16700 quarry,810.0,,
2412,1355 s. winter st.,775.0,,
2413,1984 traver rd,1219.0,,
2415,2820 windwood,1487.0,,
2416,101 lake village,1338.0,,
2418,2960 international drive,979.0,,
2419,2960 international drive,969.0,,
2422,3100 s. winter st.,725.0,,
2423,2960 international drive,849.0,,
2424,2501 keystone ln,1035.0,,
2425,2501 keystone ln,1035.0,,
2426,2501 keystone ln,1035.0,,
2427,2501 keystone ln,1035.0,,
2431,101 lake village,1587.0,,
2433,101 lake village,1488.0,,
2434,2820 windwood,1644.0,,
2436,2224 golfside drive,989.0,,
2437,2224 golfside drive,1076.0,,
2438,727 e kingsley st,1795.0,,
2439,520 n ashley st,1325.0,,
2440,520 n ashley st,1395.0,,
2441,727 e kingsley st,1795.0,,
2442,212 stevens drive,818.0,,
2443,1984 traver road,1219.0,,
2444,101 lake village,1338.0,,
2445,2960 international drive,889.0,,
2446,275 harbor way,1499.0,,
2447,518 e william st,2395.0,,
2448,512 n ashley st,1295.0,,
2449,140 lauff drive,970.0,,
2450,2820 windwood,1675.0,,
2451,1980 pauline boulevard,1189.0,,
2452,518 e william st,1670.0,,
2455,201 e madison st,3345.0,,
2456,414 s division st,1295.0,,
2457,140 lauff drive,1040.0,,
2458,101 lake village,1534.0,,
2459,122 glendale drive,1700.0,,
2461,2960 birch hallow dr.,1009.0,,
2462,140 lauff drive,980.0,,
2463,275 harbor way,1399.0,,
2464,2820 windwood,1644.0,,
2465,518 e william st,1740.0,,
2466,3089 woodland hills dr,1249.0,,
2467,727 e kingsley st,1795.0,,
2468,1863 collins ct.,999.0,,
2469,1840 collins ct,999.0,,
2470,1837 davis st.,999.0,,
2471,508 hill st,4595.0,,
2472,2044 mcdivitt ct.,1364.0,,
2473,2960 international drive,889.0,,
2474,1000 north huron river drive,549.0,,
2475,1984 traver rd,1219.0,,
2476,4854 washtenaw ave,1095.0,,
2477,2973 west clark rd,2299.0,,
2478,1355 s. winter st.,775.0,,
2479,3089 woodland hills dr,1269.0,,
2485,101 lake village,1585.0,,
2486,2820 windwood,1644.0,,
2487,4854 washtenaw ave,890.0,,
2488,553 s 4th ave,1195.0,,
2489,520 n ashley st,1395.0,,
2490,520 n ashley st,1325.0,,
2491,2501 keystone lane,1035.0,,
2493,113 s washington st,600.0,,
2494,512 n ashley st,1295.0,,
2495,4685 hunt club dr,1550.0,,
2496,4685 hunt club dr.,1134.0,,
2498,4685 hunt club dr.,1276.0,,
2500,527 s 4th ave,1845.0,,
2502,2502 packard st.,1979.0,,
2503,5800 benson dr,1249.0,,
2504,1984 traver rd,1419.0,,
2505,2501 keystone lane,1035.0,,
2507,554 s 5th ave,1045.0,,
2508,2502 packard st.,1709.0,,
2509,1315 oak valley dr,1345.0,,
2510,2820 windwood,1675.0,,
2511,825 tappan ave,1345.0,,
2512,4854 washtenaw ave,1095.0,,
2515,3089 woodland hills dr,1269.0,,
2516,275 harbor way,1399.0,,
2517,2960 birch hallow dr.,1179.0,,
2518,212 stevens drive,818.0,,
2519,1714 meadow woods blvd.,1015.0,,
2520,1000 w huron st,1250.0,,
2522,1980 pauline boulevard,1029.0,,
2523,3100 s. winter st.,725.0,,
2524,2960 international drive,959.0,,
2525,908 sybil st,1595.0,,
2526,625 south forest,1850.0,,
2527,1315 oak valley dr,1321.0,,
2528,2960 international drive,969.0,,
2529,2960 international drive,999.0,,
2530,49000 denton road,1298.0,,
2531,49000 denton road,878.0,,
2532,728 s main st,1395.0,,
2533,101 lake village,1411.0,,
2534,3089 woodland hills dr,1269.0,,
2536,22250 swan rd,820.0,,
2537,212 stevens drive,818.0,,
2538,212 stevens drive,918.0,,
2539,728 s main st,1645.0,,
2540,212 stevens drive,918.0,,
2541,212 stevens drive,918.0,,
2543,2820 windwood,1483.0,,
2545,2960 international drive,849.0,,
2546,554 s 5th ave,1499.0,,
2547,140 helle blvd,995.0,,
2548,1984 traver rd,1219.0,,
2549,49000 denton road,828.0,,
2550,508 hill st,1325.0,,
2551,2960 international dr.,989.0,,
2552,2960 international dr.,839.0,,
2553,518 e william st,3995.0,,
2554,518 e william st,2395.0,,
2556,2985 gady rd,900.0,,
2557,2501 keystone lane,1035.0,,
2558,2501 keystone,1035.0,,
2559,825 tappan ave,1595.0,,
2560,3400 nixon rd,2774.0,,
2561,3400 nixon rd,2100.0,,
2562,140 lauff drive,970.0,,
2563,3400 nixon rd,2000.0,,
2564,212 stevens drive,818.0,,
2565,3400 nixon rd,1582.0,,
2566,212 stevens drive,918.0,,
2567,3400 nixon rd,1476.0,,
2568,3400 nixon rd,1511.0,,
2569,101 lake village,1290.0,,
2570,414 s division st,1295.0,,
2571,2224 golfside drive,898.0,,
2572,2020 arbor circle east,1449.0,,
2573,2020 arbor circle east,1099.0,,
2574,2020 arbor circle east,1449.0,,
2575,2020 arbor circle east,1279.0,,
2576,2820 windwood,1644.0,,
2577,2020 arbor circle east,1099.0,,
2578,2020 arbor circle east,1099.0,,
2579,2020 arbor circle east,1279.0,,
2580,2020 arbor circle east,1449.0,,
2581,908 sybil st,1595.0,,
2582,1315 oak valley dr,1198.0,,
2584,518 e william st,1670.0,,
2585,1863 collins ct.,999.0,,
2586,1840 collins ct,999.0,,
2587,1837 davis st.,999.0,,
2588,727 e kingsley st,1645.0,,
2589,2044 mcdivitt ct.,1364.0,,
2595,1000 w huron st,1250.0,,
2596,2700 hannah blvd,704.0,,
2601,2224 golfside drive,1029.0,,
2603,2224 golfside drive,898.0,,
2604,2224 golfside drive,1029.0,,
2605,2224 golfside drive,898.0,,
2606,436 fifth st.,2150.0,,
2607,1355 s. winter st.,775.0,,
2608,101 lake village,1583.0,,
2609,140 lauff drive,970.0,,
2610,101 lake village,1480.0,,
2611,3100 s. winter st.,805.0,,
2614,955 sumpter road,1100.0,,
2616,101 lake village,1408.0,,
2617,2501 keystone ln,1035.0,,
2618,2501 keystone ln,1035.0,,
2619,275 harbor way,1399.0,,
2620,140 lauff drive,970.0,,
2621,2224 golfside drive,1029.0,,
2622,140 lauff drive,1040.0,,
2624,140 helle blvd,965.0,,
2625,2976 cascade drive,890.0,,
2626,2976 cascade drive,890.0,,
2631,3400 nixon rd,2100.0,,
2632,3400 nixon rd,2774.0,,
2633,1450 chestnut dr.,860.0,,
2634,3400 nixon rd,2000.0,,
2635,5776 staghorn,1600.0,,
2636,3400 nixon rd,1582.0,,
2637,3400 nixon rd,1476.0,,
2638,1863 collins ct.,999.0,,
2639,3400 nixon rd,1511.0,,
2640,1840 collins ct,999.0,,
2641,1837 davis st.,999.0,,
2642,2044 mcdivitt ct.,1364.0,,
2643,1860 n maple rd,1000.0,,
2644,1860 n maple rd,1100.0,,
2646,2973 west clark rd.,1374.0,,
2647,2705 barclay way,1700.0,,
2648,101 lake village,1581.0,,
2649,1984 traver road,1219.0,,
2650,2820 windwood,1644.0,,
2654,2960 international drive,849.0,,
2656,2973 west clark,2509.0,,
2657,2501 keystone ln,1035.0,,
2658,2501 keystone ln,1035.0,,
2659,2501 keystone ln,820.0,,
2660,2501 keystone ln,820.0,,
2661,275 harbor way,1499.0,,
2663,101 lake village,1480.0,,
2665,2820 windwood,1675.0,,
2666,221 n. normal #c5,1400.0,,
2668,1505 natalie lane,1170.0,,
2669,140 helle blvd,945.0,,
2670,1984 traver rd,1219.0,,
2671,140 lauff drive,1040.0,,
2674,2820 windwood,1525.0,,
2675,101 lake village drive,1408.0,,
2676,221 n. normal,945.0,,
2678,1505 natalie lane,1380.0,,
2679,221 n. normal,945.0,,
2681,275 harbor way,1399.0,,
2682,3400 nixon rd,2774.0,,
2683,3400 nixon rd,2100.0,,
2684,3400 nixon rd,2000.0,,
2686,3400 nixon rd,1582.0,,
2688,3400 nixon rd,1476.0,,
2691,140 lauff drive,970.0,,
2692,275 harbor way,1885.0,,
2693,3400 nixon rd,1511.0,,
2694,212 stevens drive,818.0,,
2695,212 stevens drive,918.0,,
2696,212 stevens drive,818.0,,
2697,212 stevens drive,818.0,,
2698,212 stevens drive,918.0,,
2699,212 stevens drive,918.0,,
2700,212 stevens drive,818.0,,
2701,212 stevens drive,818.0,,
2702,212 stevens drive,918.0,,
2703,212 stevens drive,918.0,,
2704,1840 collins ct,999.0,,
2705,101 lake village,1005.0,,
2706,2820 windwood,1644.0,,
2707,1837 davis st.,999.0,,
2711,2044 mcdivitt ct.,1364.0,,
2721,4854 washtenaw ave,1155.0,,
2722,4854 washtenaw ave,1140.0,,
2723,4854 washtenaw ave,1155.0,,
2724,4854 washtenaw ave,1155.0,,
2725,2820 windwood,1504.0,,
2726,2167 medford road,1265.0,,
2728,2502 packard st.,1448.0,,
2730,2820 windwood,1675.0,,
2737,2820 windwood,1504.0,,
2741,3100 s. winter st.,805.0,,
2745,2820 windwood,1644.0,,
2746,1355 s. winter st.,775.0,,
2747,275 harbor way,1399.0,,
2751,1875 lake lila lane,1398.0,,
2752,2820 windwood,1644.0,,
2753,9275 brookside,1050.0,,
2754,1984 traver rd,1489.0,,
2755,2911 bynan dr.,959.0,,
2756,955 sumpter road,1100.0,,
2758,1245 astor ave,1591.0,,
2760,2820 windwood,1504.0,,
2762,1103 s. latson rd,999.0,,
2763,2501 keystone ln,820.0,,
2764,2501 keystone ln,820.0,,
2765,2501 keystone ln,1035.0,,
2766,2501 keystone ln,1035.0,,
2768,501 detroit st.,3395.0,,
2769,1984 traver road,1219.0,,
2770,2820 windwood,1644.0,,
2771,1837 davis st.,999.0,,
2772,2044 mcdivitt ct.,1364.0,,
2773,1863 collins ct.,999.0,,
2774,1944 borman ct.,1099.0,,
2775,1840 collins ct,999.0,,
2777,1751 cass lake front st,950.0,,
2778,27883 independence st,925.0,,
2782,140 lauff drive,970.0,,
2787,1245 astor avenue,1650.0,,
2790,1245 astor ave,1501.0,,
2793,3100 s. winter st.,825.0,,
2798,1837 davis st.,999.0,,
2800,1245 astor avenue,1593.0,,
2805,1670 lake drive,819.0,,
2806,825 tappan ave,1495.0,,
2807,2044 mcdivitt ct.,1364.0,,
2808,825 tappan ave,1045.0,,
2809,1863 collins ct.,999.0,,
2810,1944 borman ct.,1099.0,,
2811,1840 collins ct,999.0,,
2812,24 s. normal st,950.0,,
2815,955 sumpter road,1100.0,,
2816,4685 hunt club dr,1300.0,,
2817,275 harbor way,1399.0,,
2819,1984 traver road,1219.0,,
2820,527 s 4th ave,1295.0,,
2821,1450 chestnut dr.,860.0,,
2822,4685 hunt club dr,1400.0,,
2824,4685 hunt club dr,1550.0,,
2827,1014 church st,1595.0,,
2828,1984 traver rd,1369.0,,
2829,727 e kingsley st,1795.0,,
2830,5600 fordham circle,1155.0,,
2831,520 n ashley st,1395.0,,
2832,518 e william st,2395.0,,
2833,825 tappan ave,1595.0,,
2834,324 e jefferson st,1345.0,,
2835,2820 windwood,1675.0,,
2836,553 s 4th ave,1195.0,,
2838,415 s revena blvd,1700.0,,
2841,825 tappan ave,1595.0,,
2842,275 harbor way,1399.0,,
2843,324 e jefferson st,1345.0,,
2844,205 s state st,2245.0,,
2845,1550 brookfield,1589.0,,
2846,1984 traver road,1469.0,,
2847,1751 cass lake front st,950.0,,
2848,414 s division st,1295.0,,
2849,553 s 4th ave,1145.0,,
2854,2820 windwood,1483.0,,
2856,3000 signature blvd.,1350.0,,
2857,518 e william st,1780.0,,
2858,1984 traver rd,1489.0,,
2859,1714 meadow woods blvd.,1015.0,,
2860,1245 astor ave,1591.0,,
2861,1980 pauline boulevard,1189.0,,
2862,867 n maple.,1725.0,,
2865,324 e jefferson st,1345.0,,
2866,1980 pauline boulevard,1029.0,,
2867,140 lauff drive,1040.0,,
2869,3400 nixon rd,2774.0,,
2870,401 s. highlander way,878.0,,
2871,3400 nixon rd,2195.0,,
2872,3400 nixon rd,1995.0,,
2873,3400 nixon rd,1582.0,,
2874,2201 glencoe hills drive,959.0,,
2875,3400 nixon rd,1476.0,,
2879,324 e jefferson st,1025.0,,
2881,3400 nixon rd,1511.0,,
2882,1550 brookfield,1579.0,,
2883,1550 brookfield,1499.0,,
2884,1245 astor avenue,1599.0,,
2885,2820 windwood,1644.0,,
2888,1984 traver road,1219.0,,
2889,518 e william st,3795.0,,
2891,1245 astor avenue,1968.0,,
2892,1245 astor ave,1365.0,,
2893,324 e jefferson st,1745.0,,
2894,3265 boardwalk,1530.0,,
2895,821 fountain street,1800.0,,
2900,1315 oak valley dr,1345.0,,
2901,3000 signature blvd,1618.0,,
2903,2820 windwood,1644.0,,
2905,800 fuller st,1340.0,,
2906,2820 windwood,1675.0,,
2908,1670 lake drive,867.0,,
2909,1315 oak valley dr,1321.0,,
2910,140 lauff drive,970.0,,
2911,2501 keystone lane,1035.0,,
2912,401 s. highlander way,878.0,,
2913,2501 keystone lane,820.0,,
2916,2820 windwood,1483.0,,
2917,200 trelaout dr. apt #1,925.0,,
2918,200 trealout dr. apt #1,925.0,,
2920,7636 oliver street,1400.0,,
2921,1514 ottawa,2450.0,,
2922,4854 washtenaw ave,1140.0,,
2923,1315 oak valley drive,1198.0,,
2924,4854 washtenaw ave,1155.0,,
2925,4854 washtenaw ave,1120.0,,
2926,2820 windwood,1644.0,,
2930,201 s. first st.,2485.0,,
2932,2820 windwood,1675.0,,
2935,2501 keystone ln,820.0,,
2937,2501 keystone ln,820.0,,
2938,2501 keystone ln,1035.0,,
2939,2501 keystone ln,1035.0,,
2940,3998 audrey rae ln.,1205.0,,
2941,1245 astor ave,1968.0,,
2942,955 sumpter road,1100.0,,
2946,518 e william st,1670.0,,
2947,2835 roundtree blvd,1029.0,,
2949,2960 international drive,1079.0,,
2960,2820 windwood,1489.0,,
2961,4854 washtenaw ave,1235.0,,
2963,5800 benson dr,819.0,,
2964,5800 benson dr,819.0,,
2970,603 e. huron street,1049.0,,
2971,603 e. huron street,1049.0,,
2975,5800 benson dr,819.0,,
2976,5800 benson dr,1067.0,,
2977,5800 benson dr,1067.0,,
2978,5800 benson dr,1067.0,,
2980,5800 benson dr,1067.0,,
2981,520 n ashley st,1395.0,,
2982,5800 benson dr,819.0,,
2983,512 n ashley st,1295.0,,
2984,2835 roundtree blvd,929.0,,
2985,2820 windwood,1644.0,,
2986,553 s 4th ave,1145.0,,
2987,600 hidden valley club drive,1450.0,,
2990,2709 n spurway dr,3300.0,,
2991,1777 plymouth rd,1625.0,,
2992,908 sybil st,1625.0,,
2993,333 packard st,1075.0,,
2994,513 krause st,1900.0,,
2995,555 e william st unit 10e,1500.0,,
2996,2918 signature blvd,1900.0,,
2997,3447 cummings dr,700.0,,
3005,306 thompson st,935.0,,
3006,536 s 4th ave,1095.0,,
3007,536 s 4th ave,1425.0,,
3008,536 s 4th ave,1895.0,,
3009,536 s 4th ave,1095.0,,
3010,536 s 4th ave,1425.0,,
3011,536 s 4th ave,1895.0,,
3012,722 e kingsley st,4650.0,,
3013,736 packard st,1050.0,,
3015,"3 br, 1 bath triplex - 1003 packard st unit a",2100.0,,
3016,411 n ingalls st,3950.0,,
3017,111 n ashley st,2200.0,,
3018,"1 br, 1 bath house - 1309 s state st unit 5",1055.0,,
3019,1103 w huron st,1365.0,,
3020,919 addington ln,1650.0,,
3021,701 catherine st,5750.0,,
3022,"1 br, 1 bath house - 311 1/2 s 5th ave unit 1",1195.0,,
3023,1015 church st,1095.0,,
3024,524 s 4th ave,3600.0,,
3025,2041-2047 jackson ave,1150.0,,
3026,645 n 4th ave,2195.0,,
3028,"5 br, 3.5 bath house - 502 catherine st",4900.0,,
3029,"1 br, 1 bath house - 1303 granger ave # 5 # 5",1330.0,,
3030,1321 wilmot st,1140.0,,
3031,1039 baldwin ave,700.0,,
3032,"1 br, 1 bath apartment - 732 s forest ave #5",1105.0,,
3033,1619 s university ave,7900.0,,
3038,111 n ashley st,2600.0,,
3039,604 w washington st,1075.0,,
3041,812 pauline blvd,1700.0,,
3042,401 w hoover ave,1925.0,,
3043,418 e washington st,1475.0,,
3044,"2 br, 1 bath  - 1015 packard st apt 3",1500.0,,
3046,1127 church st,2100.0,,
3047,"4 br, 2 bath house - 931 dewey ave 931 dewey",900.0,,
3049,1151 freesia ct unit 1151,2450.0,,
3050,"4 br, 2 bath  - 403 n state st # 1",3300.0,,
3051,929 s division st,1005.0,,
3052,1508 chapleau dr,2200.0,,
3061,1473 addington ln,1500.0,,
3062,3118 tiger lily ct,2600.0,,
3063,555 e william st,1650.0,,
3064,917 packard st,1720.0,,
3065,1039 baldwin ave,1150.0,,
3066,"1 br, 1 bath apartment - 732 s forest ave #2",1425.0,,
3067,517 s 4th ave,4600.0,,
3068,1039 baldwin ave,3250.0,,
3069,1015 church st,1010.0,,
3070,521 walnut st,1200.0,,
3071,1400 morton ave,1500.0,,
3072,214 n 5th ave,4100.0,,
3073,1015 church st,1170.0,,
3074,2903 n knightsbridge cir,2300.0,,
3075,1701 broadview ln,1150.0,,
3076,1301 millbrook trail,1500.0,,
3077,527 virginia ave unit 1,2250.0,,
3090,"5 br, 2 bath house - 504 lawrence st # 2",4000.0,,
3091,618 packard st,1325.0,,
3092,"4 br, 2 bath  - 1540 packard st #2",2300.0,,
3093,426 s division st,955.0,,
3094,410 n state st,960.0,,
3095,1503 chapleau dr,2100.0,,
3096,"6 br, 2 bath house - 341 payeur road 1-6",850.0,,
3097,533 elizabeth st,715.0,,
3110,3324 bluett rd,2750.0,,
3111,8 downing ct,1500.0,,
3112,"2 br, 1 bath apartment - 723 w madison st",1565.0,,
3113,"6 br, 2 bath  - 1121 church st 1121 church",4000.0,,
3114,"4 br, 2 bath  - 208 w ann st # 1 208 w ann #1",3600.0,,
3115,"1 br, 1 bath apartment - 317 e ann st apt. #2",960.0,,
3116,801 w madison st,1375.0,,
3117,"1 br, 1 bath apartment - 311 thompson st #2",995.0,,
3118,1803 hill st,5500.0,,
3119,2547 page ave,2200.0,,
3120,3433 plymouth rd,1950.0,,
3121,1012 pontiac trail unit 5,2450.0,,
3122,110 hill st,1225.0,,
3129,1109 elder blvd,1395.0,,
3140,"2 br, 1 bath  - 923 s 7th st #4 - renovated",1550.0,,
3141,"3 br, 2 bath house - 930 mary st",3000.0,,
3142,848 tappan ave,1365.0,,
3143,1109 freesia ct unit entire,3200.0,,
3144,1600 packard st,1600.0,,
3145,5965 quebec ave,2200.0,,
3146,225 briarcrest dr unit 201,1390.0,,
3147,1919 dexter ave,2450.0,,
3148,2310 pinecrest ave,1700.0,,
3149,"2 br, 1 bath apartment - 712 w huron st",1500.0,,
3150,"1 br, 1 bath  - 333 s division st apt 1 #1",1350.0,,
3151,"5 br, 2 bath  - 1000 e ann st apt 5 #5",4000.0,,
3152,114 n division st,815.0,,
3153,1001 s forest ave,1820.0,,
3154,"4 br, 2 bath  - 500 packard st apt 3 #3",3800.0,,
3155,4368 pine ridge ct,2000.0,,
3156,20 harvard pl,2900.0,,
3157,1777 plymouth rd,1595.0,,
3158,"2 br, 1 bath house - 117 n thayer st apt 4",1850.0,,
3159,555 e william st unit 22jk,2900.0,,
3160,"1 br, 1 bath apartment - 903 mary 3",1045.0,,
3161,1647 franklin st,1900.0,,
3162,"6 br, 2 bath house - 508 packard st",4350.0,,
3163,"2 br, 2 bath house - 1307 s state st unit #2",2200.0,,
3164,218 w kingsley st,2400.0,,
3165,"2 br, 1 bath triplex - 1514 golden ave unit 1",1600.0,,
3166,917 s main st,4225.0,,
3167,731 packard st,1095.0,,
3168,1540 siller terrace,1295.0,,
3169,410 n 1st st,4950.0,,
3170,411 n ingalls st,1175.0,,
3171,2381 parkwood ave unit 205,1500.0,,
3172,1821 coronada dr,2000.0,,
3173,1701 broadview ln,1550.0,,
3174,"4 br, 2 bath house - 106 depot st",3000.0,,
3175,2741 barclay way,1900.0,,
3176,829 tappan ave,1735.0,,
3177,2505 miller ave,1550.0,,
3178,"4 br, 1 bath house - 800 sylvan ave",3000.0,,
3179,417 montgomery ave,1700.0,,
3194,555 e william st unit 3d,1650.0,,
3195,"3 br, 1 bath house - 7 kilbrennan ct",1700.0,,
3196,311 s division st,830.0,,
3197,"1 br, 1 bath apartment - 624 packard #6 -",1345.0,,
3198,"3 br, 1 bath apartment - 205 n division st #3",2875.0,,
3199,5071 plymouth rd,1800.0,,
3200,907 e huron st,2995.0,,
3202,332 e william st unit 98,1225.0,,
3203,441 s first,1425.0,,
3204,441 s first,1125.0,,
3205,441 s first,1612.5,,
3206,441 s first,2210.0,,
3207,441 s first,1125.0,,
3208,441 s first,1425.0,,
3209,441 s first,1612.5,,
3210,441 s first,2210.0,,
3259,213 s 4th ave unit 2b,2395.0,,
3260,1113 elder blvd,1100.0,,
3261,727 e kingsley st,1720.0,,
3262,306 beakes st,2300.0,,
3291,350 thompson st,1500.0,,
3292,1253 island dr,1500.0,,
3293,418 e washington st,1450.0,,
3294,324 thompson st,925.0,,
3295,609 liberty pointe dr,2100.0,,
3296,908 oakland ave unit apt 302,1350.0,,
3297,1114 prospect st,4500.0,,
3298,2756 s knightsbridge cir,1600.0,,
3299,"2 br, 1.5 bath house - 221 n 1st st",1900.0,,
3300,"1 br, 1 bath apartment - 824 mckinley ave",1400.0,,
3301,"6 br, 3 bath house - 508 lawrence st apt 3",3900.0,,
3302,2790 s knightsbridge cir,1600.0,,
3303,5653 arbor chase dr,2000.0,,
3304,741 packard st,850.0,,
3305,544 n state st,4250.0,,
3306,117 w oakbrook dr,1975.0,,
3307,"1 br, 1 bath apartment - 322 n. state 100",1205.0,,
3309,"6 br, 2 bath house - 502 elm st",5895.0,,
3316,"6 br, 2 bath house - 426 hill st",4500.0,,
3317,"1 br, 1 bath  - 1223 hill st apt. #5",1010.0,,
3318,127 n state st,1130.0,,
3328,333 packard st,1015.0,,
3329,301 scio village ct,1890.0,,
3342,1815 hiawatha pl,1800.0,,
3343,526 packard st,1820.0,,
3344,311 s division st,855.0,,
3345,1127 church st,1175.0,,
3346,"1 br, 1 bath apartment - 618 packard #1 -",1345.0,,
3347,418 e washington st,2100.0,,
3368,5752 villa france ave,2400.0,,
